{"type": "FeatureCollection", "name": "sudurpaschim-districts", "crs": {"type": "name", "properties": {"name": "urn:ogc:def:crs:OGC:1.3:CRS84"}}, "features": [{"type": "Feature", "properties": {"id": "bajhang", "name": "Bajhang", "pcode": "NP0767", "province": "Sudur Paschim", "area_sqkm": 3458.6, "center_lat": 29.72252996, "center_lon": 81.246038}, "geometry": {"type": "Polygon", "coordinates": [[[81.08993874900017, 30.054112611000164], [81.08799232800015, 30.054192889000035], [81.084210945, 30.05243381400004], [81.07839536000012, 30.04634311900014], [81.07121468200017, 30.04538185900003], [81.06850321800005, 30.043439130000138], [81.06437566000011, 30.03680107300005], [81.0559537200001, 30.02882283300005], [81.05342840800006, 30.024024188000112], [81.04724630000015, 30.02191542600002], [81.04412498900012, 30.018188234000036], [81.04171764200015, 30.017656689000034], [81.04014002200017, 30.015595673000178], [81.03800457700015, 30.015016636000155], [81.03816624500018, 30.008216340000047], [81.032704733, 29.99879665400016], [81.02789226100009, 29.992610920000118], [81.02582676700007, 29.987439504000122], [81.02149187800018, 29.983396200000072], [81.01711956300016, 29.98228486900007], [81.01486559200009, 29.980638680000027], [81.01577807600006, 29.97805606100013], [81.02041307300016, 29.973923328000012], [81.0174881850001, 29.966040780000128], [81.01928171900016, 29.960920538000096], [81.02147908500007, 29.95856772700006], [81.01710025900013, 29.954682095000067], [81.01388652200006, 29.9474332960001], [81.01079391700006, 29.94579384600013], [81.0089767400001, 29.941869377000046], [81.00553737600006, 29.939839646000053], [81.00217253500011, 29.936075267000092], [81.00244081600005, 29.932353745], [81.00049634900017, 29.92810655700015], [81.00288242100004, 29.92319405300009], [81.01152568800012, 29.918680286000097], [81.01467870500016, 29.91441704300007], [81.02010175200007, 29.911973599000078], [81.0275915090001, 29.906326670999988], [81.02944367900005, 29.903554271000132], [81.03022565900005, 29.895366552999974], [81.04067702999998, 29.881632117000095], [81.03777828900007, 29.875788939000188], [81.03658590900017, 29.8645386070001], [81.03844521600007, 29.861028462000036], [81.04038134300015, 29.85998133900017], [81.03853569000012, 29.85490016500006], [81.03803497700017, 29.846365337000123], [81.03993663400001, 29.840595157000052], [81.04447797800009, 29.83871258400012], [81.04928357600016, 29.83473658800017], [81.05331030300016, 29.83301630500017], [81.05533189700009, 29.829733642000065], [81.06342358200004, 29.82695570300018], [81.06974125000016, 29.828330661999985], [81.07075836900003, 29.82438742200003], [81.06999433800013, 29.821649607000097], [81.070914232, 29.81706130100008], [81.06908228400016, 29.814274413000078], [81.07018376600018, 29.810475472000064], [81.06913046100016, 29.80764084900011], [81.06923240500004, 29.803131900000153], [81.06766731700003, 29.79576157100007], [81.06211487600007, 29.793425276000107], [81.06399747100016, 29.784210418000043], [81.06357337800017, 29.775465860000054], [81.06003223500016, 29.77227586099997], [81.0624974100001, 29.768079352000143], [81.06017071200017, 29.762206934000062], [81.05651523800003, 29.757510199000023], [81.04784549900012, 29.753891171000078], [81.04117175900018, 29.752244608000183], [81.03807742900011, 29.75260415600013], [81.03731440100006, 29.74961123899999], [81.03158569800007, 29.742300159000138], [81.02446877900019, 29.743535508000093], [81.02036625900018, 29.748279693000143], [81.01800094800012, 29.745489860000134], [81.00970139700007, 29.745874147000052], [81.00406739300007, 29.740564818000166], [80.998176043, 29.742567861000055], [80.98803140500019, 29.74107861100009], [80.98391616300017, 29.733894167000017], [80.976172501, 29.72585862800014], [80.97489446300017, 29.723848675000056], [80.97511396800013, 29.72183899200013], [80.95794237500013, 29.726458571000137], [80.95406795800011, 29.730634626000096], [80.95052387400017, 29.73124008300016], [80.94588168600012, 29.735447249000117], [80.93978009000011, 29.73538142100017], [80.93455723400012, 29.732699289000095], [80.9312709890001, 29.72969996400019], [80.92684743100006, 29.728551760000073], [80.91950520000012, 29.72469271000017], [80.9068455690001, 29.72461223300013], [80.89936367100012, 29.720729432000155], [80.89660012200017, 29.720258126000033], [80.89430663200011, 29.716338400999973], [80.89118458000007, 29.71542456900005], [80.89007838700013, 29.71381995500019], [80.88176104100012, 29.71327820500011], [80.88023539700015, 29.712090421000084], [80.87816436900005, 29.71213138800016], [80.8707841590001, 29.707331302], [80.86458128400017, 29.706278504000124], [80.86294735700005, 29.700809246000063], [80.85820303300011, 29.695923203000177], [80.85174917600017, 29.695728883000072], [80.84539203300005, 29.693337459000077], [80.84030415100011, 29.68734514000016], [80.83856451900004, 29.687198630000125], [80.83625668100007, 29.688975494000033], [80.83169110800003, 29.689752422000026], [80.82964579700018, 29.69144829700008], [80.82498465200007, 29.686500199000136], [80.81988695800015, 29.68760771300009], [80.81644638000006, 29.68707284200019], [80.8111244800001, 29.684011307000105], [80.80389761200007, 29.68690824900017], [80.79590175000016, 29.688245015000064], [80.79486648100004, 29.68682919700018], [80.7948929750001, 29.683481949000168], [80.79161477700012, 29.681363354000098], [80.7920732120001, 29.677940058], [80.78922952500011, 29.678943800000127], [80.78743816300005, 29.677871813000138], [80.78277314200017, 29.680182970000146], [80.78051786000003, 29.678239498000096], [80.77950598000018, 29.67584233400015], [80.77860666300012, 29.665458361000105], [80.775887737, 29.668368051000186], [80.771050709, 29.668716139000026], [80.76292613600003, 29.66189898300013], [80.76434280600006, 29.65894446700014], [80.7634470530001, 29.655480594000153], [80.7641173510001, 29.65109682700006], [80.76186522600005, 29.647416205000184], [80.768461489, 29.644757231000085], [80.77144274900013, 29.642254195000078], [80.77620209200018, 29.642287068000087], [80.77862454100017, 29.644012190000183], [80.78423480500004, 29.645399634], [80.78952474400012, 29.64306680100003], [80.79076354100005, 29.641313919000083], [80.78433097500016, 29.635100666000028], [80.7808232380001, 29.633410026000092], [80.78205860100007, 29.62806173500013], [80.78375778700018, 29.625554055000123], [80.78337668800015, 29.62345793500009], [80.78477323100014, 29.617155733000175], [80.78765521800017, 29.613249201000087], [80.7858086280001, 29.607877868000173], [80.78651406100016, 29.602607685000123], [80.78356436100017, 29.594532279000077], [80.78105078400012, 29.59011165900006], [80.77864988400006, 29.58913553200017], [80.77767024700006, 29.58677449000004], [80.77722462400004, 29.58298659000019], [80.77849957200004, 29.57952855600007], [80.77686663800012, 29.577985241000135], [80.77645523000018, 29.575983862000044], [80.78004531500011, 29.571487581000042], [80.77555158100012, 29.566580857000133], [80.77653800200011, 29.559937431000094], [80.77453555500006, 29.5583641770001], [80.77119188000006, 29.551796811000145], [80.76955988500015, 29.55363455400004], [80.75611081000017, 29.556470731000104], [80.74821201700001, 29.553206807000095], [80.74722293600018, 29.551379153000028], [80.74596264800016, 29.542011703000185], [80.74821428800016, 29.530600553000113], [80.75292546700013, 29.5298776840001], [80.75710179900017, 29.528010978000168], [80.76050714200011, 29.528093829], [80.76364792800007, 29.526432527000054], [80.76840196600017, 29.526120620000086], [80.77070886500019, 29.524482492000118], [80.78053959699997, 29.523199807000083], [80.7815947950001, 29.52152335400001], [80.78135313500013, 29.51833577499997], [80.78478006000012, 29.513518773000044], [80.78618847000013, 29.507676653000033], [80.78823208000011, 29.506723519000047], [80.79253405400004, 29.50650703600013], [80.79522928800014, 29.50765933800011], [80.79899344199998, 29.51211547100013], [80.80458355700006, 29.515166635000128], [80.80994616400011, 29.513324817000182], [80.81694672400005, 29.51565344400018], [80.81818522000003, 29.513304743000106], [80.82373308700016, 29.509484364000116], [80.82250922300017, 29.50076016600019], [80.82577110100004, 29.49995016000014], [80.83454637500012, 29.493977151000024], [80.84534785500011, 29.488935207999987], [80.84752669700009, 29.484437658000047], [80.85257209100013, 29.479489941], [80.85208325600007, 29.477542742000082], [80.85470962500005, 29.475163688000066], [80.85628882800006, 29.46901416000003], [80.86316607000015, 29.4654687740001], [80.8707162020001, 29.46651165300017], [80.87300329600015, 29.464594301000147], [80.87534373400018, 29.464102565000132], [80.87914895700015, 29.453691591999984], [80.8838598700001, 29.44669643600014], [80.88346856400005, 29.44241258300019], [80.88720718100006, 29.442109036000033], [80.89914769100017, 29.44418256700004], [80.90815225200015, 29.441383014000166], [80.9082056360001, 29.44399283299998], [80.91197884600018, 29.445351070000186], [80.91286156300015, 29.443790790000094], [80.912422305, 29.440657265000084], [80.91611789799998, 29.43136174800003], [80.92613912200017, 29.425742034999985], [80.9273034090001, 29.421702742000036], [80.93009992700001, 29.42023804100006], [80.93208982900018, 29.417417207000085], [80.93092025500005, 29.412970672000142], [80.93132817700007, 29.410724199000185], [80.93293598800011, 29.408938514000113], [80.93564026000007, 29.400796812000067], [80.93938030400005, 29.397475923000172], [80.94683216800007, 29.400388940000084], [80.94953493100013, 29.3998690250001], [80.95392755200004, 29.401291638000146], [80.961266395, 29.39926611700014], [80.97086118500005, 29.40021815700004], [80.97821161700017, 29.403605378000123], [80.98675904200013, 29.405092981000166], [80.99017014800012, 29.407946759000026], [80.9947859240001, 29.409419935000074], [81.00024874100012, 29.41280131700006], [81.00308085500012, 29.416074300000048], [81.00866095800006, 29.419958324999982], [81.01394827000018, 29.421318083000074], [81.02253077000012, 29.421824465000043], [81.02384147300012, 29.421375338000075], [81.02590339900001, 29.4167485480001], [81.02985716700016, 29.413321298000028], [81.03346313800017, 29.41174599500016], [81.0434938950001, 29.411255866000033], [81.04764804000018, 29.41324167500011], [81.053376082, 29.40882516700009], [81.06246464500015, 29.405374489], [81.07070528800017, 29.407628328000044], [81.07656138400012, 29.406240101000037], [81.08102332900006, 29.410045056000172], [81.08580553900015, 29.407023967000043], [81.09556231300007, 29.40776396900003], [81.10580915700007, 29.404273436000153], [81.10821503200009, 29.399818762000166], [81.11578884200003, 29.39773268600004], [81.11912129700016, 29.395668050000097], [81.122351714, 29.396474893000118], [81.12450707300007, 29.398336125000128], [81.125351254, 29.40271810200005], [81.12841136300017, 29.40461221600009], [81.13153762700006, 29.404268604000094], [81.13822979200017, 29.399673751000137], [81.1392113170001, 29.39426583200003], [81.14386742600016, 29.39086152800013], [81.14630097300017, 29.394116194000105], [81.14997553600017, 29.393843645], [81.15559579100005, 29.39581766400005], [81.15951332500015, 29.395398006000107], [81.16120392900007, 29.39408315300011], [81.16359265400007, 29.39467800600005], [81.16957370400007, 29.405348966000133], [81.17054939600018, 29.41155083600006], [81.17421202700007, 29.411067870000068], [81.18421354800006, 29.406590427000083], [81.18597503100005, 29.404492460000142], [81.18546834500006, 29.401384805000134], [81.18393783400018, 29.39972450200014], [81.18667055700007, 29.397783096000126], [81.18898273300005, 29.398106973000154], [81.19307560600004, 29.401741690000108], [81.19933749000018, 29.39874143300011], [81.20191150500006, 29.395667567000146], [81.21182686300017, 29.404356955000026], [81.21890598600015, 29.406077830000015], [81.21977138000017, 29.40883283500017], [81.22590623900015, 29.411599286000182], [81.22962562200013, 29.41058243200007], [81.23221682300004, 29.410932061000153], [81.23811883100007, 29.414208149000103], [81.24618474700009, 29.412916757], [81.2517229180001, 29.413256052000122], [81.25488830000018, 29.41651629200004], [81.25036351500012, 29.42175798900007], [81.25324914900017, 29.423550298000123], [81.26202725799999, 29.433778589000042], [81.27158020300004, 29.436976049000123], [81.27822240600011, 29.43755108800019], [81.27951653200006, 29.441500298999983], [81.28085189600006, 29.44237942300009], [81.28362930300011, 29.443760770000097], [81.28762793900017, 29.443910124000183], [81.28884141900005, 29.4460841880001], [81.291677059, 29.44793668000011], [81.30053471800005, 29.451429039000118], [81.30273404400015, 29.451322518000097], [81.30252282200007, 29.4548125], [81.30756578000006, 29.460311557000182], [81.30306996700011, 29.463315088000115], [81.30216372300009, 29.46627886100009], [81.30282985700018, 29.467734483000072], [81.29380082500006, 29.468801320000182], [81.29116011700006, 29.47267560800009], [81.29080325100017, 29.4747740950001], [81.29687962500009, 29.477133647000073], [81.3030693450001, 29.476756519000162], [81.30845343000016, 29.479595265], [81.31097340100018, 29.47939544400009], [81.31274509600013, 29.482754468000053], [81.3151374630001, 29.48233379000004], [81.31688589300018, 29.483310849000134], [81.31463149100017, 29.491486116000033], [81.31720243600017, 29.49223789300015], [81.32011099100004, 29.49476625900013], [81.32632363699997, 29.494836903000078], [81.33858901899998, 29.504981438000016], [81.34024819000007, 29.51053281700007], [81.35030730100004, 29.524604393000118], [81.34955087800006, 29.526090555000167], [81.35102266700011, 29.529932528000188], [81.35259492400007, 29.531489280000017], [81.35485830300019, 29.531329889000062], [81.36217367600017, 29.53801161700011], [81.36528265600003, 29.54306468800013], [81.37138131600011, 29.54993869300006], [81.38639525200017, 29.55366499200005], [81.38838475000011, 29.555790760000093], [81.3974451150001, 29.556754173000115], [81.399846819, 29.558346183000026], [81.39976723100017, 29.560250189000044], [81.40233920200012, 29.56652426400018], [81.39750115600003, 29.571068146000073], [81.39826413300017, 29.576776997000024], [81.40197535400017, 29.5846085660001], [81.41516425800006, 29.59328587700014], [81.41871137400011, 29.59776557100008], [81.42015451800012, 29.6096774130001], [81.41864789300007, 29.614098540999976], [81.42007856800006, 29.617673601000035], [81.41948495200012, 29.62159572500019], [81.41794824400017, 29.623923735000062], [81.41948952100006, 29.627839141000038], [81.42180486600006, 29.629277664000142], [81.42054112700004, 29.63457327500015], [81.42533288300001, 29.639278901000125], [81.42735664300017, 29.643916620000084], [81.42890822400017, 29.644901801000117], [81.43422462100017, 29.644846131000122], [81.4409564830001, 29.649506540000175], [81.44628498300006, 29.647167710000133], [81.45104703100009, 29.64973872400003], [81.45649332500005, 29.654251504000058], [81.46610410400007, 29.65897732300016], [81.47187875000003, 29.65888022700011], [81.48041352600012, 29.661666774000025], [81.48627308400017, 29.665642235000064], [81.49701043000005, 29.668534618000024], [81.49810912400017, 29.670183854000072], [81.50677792300002, 29.67412523400003], [81.50778262500006, 29.67591683000012], [81.51573490600015, 29.679366433000155], [81.51607172600012, 29.683226639000168], [81.51487961900017, 29.687665643000116], [81.51839143800004, 29.691549580000014], [81.51463770300006, 29.69821577600004], [81.51446455500007, 29.700758472000075], [81.5155025040001, 29.702534072000105], [81.52238511600007, 29.70613851899998], [81.52432351800002, 29.71048851300003], [81.51901973100007, 29.718040669000175], [81.51690540400017, 29.724222371000053], [81.51159395200017, 29.73051339300008], [81.51097257300017, 29.735387739000146], [81.50811040100018, 29.73885874800004], [81.50786119700012, 29.74159336300005], [81.51045768200015, 29.74993786700003], [81.51351269500003, 29.75344689500014], [81.51558392800007, 29.752561445000026], [81.5244068450001, 29.75235084100018], [81.53876522100006, 29.74706710400011], [81.54080605900003, 29.74733623400016], [81.55163358400017, 29.753367886000035], [81.55406619100006, 29.763042951000045], [81.55645258900017, 29.764386234000085], [81.56048616800007, 29.770547027000134], [81.55598383800003, 29.774416225000152], [81.55478543900011, 29.77780451400008], [81.55184914700015, 29.78149325100003], [81.55169598200018, 29.784804938000036], [81.54855744600019, 29.792958191000082], [81.54655181600015, 29.79456788500005], [81.54787638100004, 29.79800202000007], [81.54783220800005, 29.800932120000027], [81.55112496800018, 29.80292585500007], [81.55832315900005, 29.809842560000106], [81.55978236600009, 29.81806668400003], [81.559095625, 29.822598624000193], [81.56157403500009, 29.8323746800001], [81.5609829920001, 29.835631864000163], [81.56486147200008, 29.85148493300011], [81.56101135200015, 29.852746384000113], [81.55733423400005, 29.855935406000185], [81.55552831400018, 29.86157047600011], [81.55280552700003, 29.86346969600004], [81.546323803, 29.87294040100005], [81.54158011000004, 29.877858870000125], [81.53296437600017, 29.88345815800011], [81.52453079500003, 29.88634514000006], [81.51321690800017, 29.88678212400015], [81.50548226600006, 29.894331740000098], [81.501573667, 29.89162881300018], [81.49549928400006, 29.889946572000156], [81.49261861200011, 29.88709292300001], [81.4886971950001, 29.88800978100005], [81.48281775200007, 29.891509305000056], [81.47973585500006, 29.891978405000145], [81.47057259600012, 29.889755919000095], [81.46438075500004, 29.893303184000047], [81.45631365700012, 29.90111502200017], [81.45692723600018, 29.90566672800003], [81.46155083100018, 29.91324258200018], [81.45998558200006, 29.91798005100003], [81.46257323300006, 29.92088956600014], [81.46023493500019, 29.923922309000147], [81.46010497200018, 29.9295930240001], [81.45891409300015, 29.931760178000047], [81.45466637400017, 29.934679968000182], [81.45848644800003, 29.942558657000063], [81.45275699100017, 29.948959160000015], [81.45264371700006, 29.951090957000133], [81.45996265700006, 29.95705162700017], [81.46397202800006, 29.957854047000126], [81.4668097710001, 29.96066788600018], [81.4685714100001, 29.963620758000047], [81.46817794800006, 29.971141919000047], [81.47007296200019, 29.973079327000107], [81.46993388300012, 29.975035328000047], [81.46060009100006, 29.98561032500004], [81.46303532000019, 29.995478368000022], [81.4564947340001, 30.001309037000112], [81.45439469200005, 30.002353785000025], [81.44441611800005, 30.002933649000056], [81.44015250600006, 30.00686796800005], [81.43590763500015, 30.007878998000024], [81.43013612400017, 30.007510076000074], [81.4191077970001, 30.01267230700006], [81.41252221900004, 30.018550471000083], [81.40470708900017, 30.019582950000142], [81.40195181600018, 30.021129577000124], [81.40122026000006, 30.02274891400009], [81.3994330330001, 30.01802702100008], [81.39011540200016, 30.01680544000004], [81.38380746100006, 30.013512972000115], [81.38183154100017, 30.00713804300011], [81.37649741500007, 30.00638878900014], [81.37469772300017, 30.009860561000153], [81.37034507600004, 30.009640583000078], [81.36798344100009, 30.01086512100011], [81.36274868900006, 30.00949480000014], [81.35693166000004, 30.01047606200018], [81.34634265200003, 30.018707447999986], [81.33165726400017, 30.024050172000102], [81.31854235800017, 30.025521535000053], [81.31450122000012, 30.032626933000188], [81.3096757570001, 30.032778163000103], [81.30673850900007, 30.03096941600006], [81.30015949900019, 30.033253607000177], [81.29092974200006, 30.034907320000116], [81.28454988500005, 30.037467676000063], [81.28124916700017, 30.043399882000074], [81.2744082850001, 30.044061597000052], [81.27184999900015, 30.045187892000058], [81.26387175400004, 30.043271210000114], [81.26307979000006, 30.040579765000075], [81.26191133800017, 30.039853630000096], [81.24990183200003, 30.03853045900013], [81.24323952700007, 30.0339259860001], [81.23730438600006, 30.031755794000162], [81.24728790400013, 30.027309917000082], [81.25314929100006, 30.02355922800018], [81.25353774800016, 30.019618168000022], [81.24502908200009, 30.011004858000035], [81.23983552099997, 30.012487271000055], [81.2351942620001, 30.010431898000093], [81.23180453200013, 30.00766592399998], [81.2173533460001, 30.007232698000053], [81.21409667000012, 30.013952581000126], [81.21058475100006, 30.01553257000006], [81.20717343700005, 30.020680474000187], [81.20386587000007, 30.021939684000074], [81.20067925799998, 30.021335571000122], [81.19484366100005, 30.022817162000024], [81.18434920800013, 30.01081964399998], [81.17758000200013, 30.01502190300016], [81.17093024200005, 30.014385620000155], [81.16359551600016, 30.010450074000175], [81.156232246, 30.012373977000095], [81.14923647700004, 30.01150021100011], [81.14395955700002, 30.016190695000034], [81.14044209400004, 30.016735781000193], [81.13324085300007, 30.015967441000043], [81.123796702, 30.020192097000177], [81.12203135500005, 30.02842173400012], [81.11805161100011, 30.034152012000163], [81.11307810500017, 30.034406731], [81.11065310599997, 30.035574900000142], [81.10755833700017, 30.03950423600014], [81.10641934000017, 30.04440857000003], [81.09911153900009, 30.047614789000193], [81.09468293900017, 30.052241728000126], [81.08993874900017, 30.054112611000164]]]}}, {"type": "Feature", "properties": {"id": "bajura", "name": "Bajura", "pcode": "NP0768", "province": "Sudur Paschim", "area_sqkm": 2297.7, "center_lat": 29.61058416, "center_lon": 81.57656749}, "geometry": {"type": "Polygon", "coordinates": [[[81.69797944800018, 29.94099820700012], [81.68724076800015, 29.949203467000075], [81.67059534900005, 29.940610345000152], [81.66502749700015, 29.940216801000133], [81.65729318900003, 29.943320770000184], [81.65300022800005, 29.942764698000133], [81.64812882300009, 29.946735816000114], [81.64470633200017, 29.94804039400003], [81.6368402270001, 29.944693220000033], [81.63432446200005, 29.94075380300012], [81.62649983600011, 29.938296733000072], [81.62133258800014, 29.93939480500012], [81.61853174300012, 29.938431354999977], [81.61277675800011, 29.943160826000053], [81.60587819600005, 29.93716616500012], [81.60504602700001, 29.93241778700019], [81.60251310600017, 29.93008596800007], [81.59676862300012, 29.93130970800007], [81.59091475700018, 29.93058731600013], [81.58658668600009, 29.936026492000053], [81.58478292000007, 29.93678327100008], [81.58059857100017, 29.936084525000126], [81.57744436100012, 29.93382494200017], [81.57349751800012, 29.93443082800019], [81.57009994300012, 29.933392251000157], [81.56720412800007, 29.93143576800003], [81.564180556, 29.930796911000186], [81.55952872500018, 29.926077974000066], [81.55527073000019, 29.927041071000076], [81.54925463300003, 29.923089855], [81.54212635100004, 29.927019071000075], [81.53763635500013, 29.926529990000176], [81.53480041400002, 29.927506858000186], [81.52820113700017, 29.92402396500006], [81.51687478600013, 29.922742671000094], [81.51197682400004, 29.916595243000188], [81.51480173300013, 29.907580441000164], [81.51696224000005, 29.904714305000027], [81.50770277900017, 29.897309430000064], [81.50548226600006, 29.894331740000098], [81.51321690800017, 29.88678212400015], [81.52744353300017, 29.88565012200013], [81.53422477900011, 29.88284635800011], [81.53865749000016, 29.879061716000137], [81.54158011000004, 29.877858870000125], [81.55151508800014, 29.86631928500003], [81.55280552700003, 29.86346969600004], [81.55552831400018, 29.86157047600011], [81.55727761700007, 29.855994274000068], [81.56101135200015, 29.852746384000113], [81.56489565600003, 29.85134719600012], [81.5609829920001, 29.835631864000163], [81.56157403500009, 29.8323746800001], [81.559095625, 29.822598624000193], [81.55978236600009, 29.81806668400003], [81.55832315900005, 29.809842560000106], [81.55112496800018, 29.80292585500007], [81.54783220800005, 29.800932120000027], [81.54787638100004, 29.79800202000007], [81.54655181600015, 29.79456788500005], [81.54855744600019, 29.792958191000082], [81.55169598200018, 29.784804938000036], [81.55184914700015, 29.78149325100003], [81.55478543900011, 29.77780451400008], [81.55598383800003, 29.774416225000152], [81.56047998100019, 29.770603460000075], [81.55645258900017, 29.764386234000085], [81.55406619100006, 29.763042951000045], [81.55233090900003, 29.754199568000104], [81.55067029800006, 29.75234340500009], [81.53970009200009, 29.747024998000143], [81.5244068450001, 29.75235084100018], [81.51558392800007, 29.752561445000026], [81.51318442700006, 29.753436890000103], [81.51045768200015, 29.74993786700003], [81.50818487900011, 29.742740198000035], [81.50811040100018, 29.73885874800004], [81.51097257300017, 29.735387739000146], [81.51159395200017, 29.73051339300008], [81.51690540400017, 29.724222371000053], [81.51901973100007, 29.718040669000175], [81.52432351800002, 29.71048851300003], [81.52238511600007, 29.70613851899998], [81.5155025040001, 29.702534072000105], [81.51446455500007, 29.700758472000075], [81.51463770300006, 29.69821577600004], [81.51839143800004, 29.691549580000014], [81.51487961900017, 29.687665643000116], [81.51607172600012, 29.683226639000168], [81.51573490600015, 29.679366433000155], [81.50778262500006, 29.67591683000012], [81.50677792300002, 29.67412523400003], [81.49810912400017, 29.670183854000072], [81.49701043000005, 29.668534618000024], [81.48627308400017, 29.665642235000064], [81.48041352600012, 29.661666774000025], [81.47187875000003, 29.65888022700011], [81.46610410400007, 29.65897732300016], [81.45649332500005, 29.654251504000058], [81.45104703100009, 29.64973872400003], [81.44628498300006, 29.647167710000133], [81.4409564830001, 29.649506540000175], [81.43422462100017, 29.644846131000122], [81.42890822400017, 29.644901801000117], [81.42735664300017, 29.643916620000084], [81.42533288300001, 29.639278901000125], [81.42054112700004, 29.63457327500015], [81.42180486600006, 29.629277664000142], [81.41948952100006, 29.627839141000038], [81.41794824400017, 29.623923735000062], [81.41948495200012, 29.62159572500019], [81.42007856800006, 29.617673601000035], [81.41864789300007, 29.614098540999976], [81.42015451800012, 29.6096774130001], [81.41871137400011, 29.59776557100008], [81.41516425800006, 29.59328587700014], [81.40197535400017, 29.5846085660001], [81.39826413300017, 29.576776997000024], [81.39750115600003, 29.571068146000073], [81.40233920200012, 29.56652426400018], [81.39976723100017, 29.560250189000044], [81.399846819, 29.558346183000026], [81.3974451150001, 29.556754173000115], [81.38838475000011, 29.555790760000093], [81.38639525200017, 29.55366499200005], [81.37138131600011, 29.54993869300006], [81.36528265600003, 29.54306468800013], [81.36217367600017, 29.53801161700011], [81.35485830300019, 29.531329889000062], [81.35259492400007, 29.531489280000017], [81.35102266700011, 29.529932528000188], [81.34955087800006, 29.526090555000167], [81.35030730100004, 29.524604393000118], [81.34024819000007, 29.51053281700007], [81.33858901899998, 29.504981438000016], [81.32632363699997, 29.494836903000078], [81.32011099100004, 29.49476625900013], [81.31720243600017, 29.49223789300015], [81.31463149100017, 29.491486116000033], [81.31688589300018, 29.483310849000134], [81.3151374630001, 29.48233379000004], [81.31274509600013, 29.482754468000053], [81.31097340100018, 29.47939544400009], [81.30845343000016, 29.479595265], [81.3030693450001, 29.476756519000162], [81.29687962500009, 29.477133647000073], [81.29080325100017, 29.4747740950001], [81.29116011700006, 29.47267560800009], [81.29380082500006, 29.468801320000182], [81.30282985700018, 29.467734483000072], [81.30216372300009, 29.46627886100009], [81.30306996700011, 29.463315088000115], [81.30756578000006, 29.460311557000182], [81.30252282200007, 29.4548125], [81.30273404400015, 29.451322518000097], [81.30053471800005, 29.451429039000118], [81.291677059, 29.44793668000011], [81.28884141900005, 29.4460841880001], [81.28762793900017, 29.443910124000183], [81.28362930300011, 29.443760770000097], [81.28085189600006, 29.44237942300009], [81.27951653200006, 29.441500298999983], [81.27822240600011, 29.43755108800019], [81.27158020300004, 29.436976049000123], [81.26202725799999, 29.433778589000042], [81.25324914900017, 29.423550298000123], [81.25036351500012, 29.42175798900007], [81.25488830000018, 29.41651629200004], [81.2517229180001, 29.413256052000122], [81.24618474700009, 29.412916757], [81.23811883100007, 29.414208149000103], [81.23221682300004, 29.410932061000153], [81.22962562200013, 29.41058243200007], [81.22590623900015, 29.411599286000182], [81.21977138000017, 29.40883283500017], [81.21890598600015, 29.406077830000015], [81.21182686300017, 29.404356955000026], [81.20191150500006, 29.395667567000146], [81.19933749000018, 29.39874143300011], [81.19298899500006, 29.401739626000108], [81.18898273300005, 29.398106973000154], [81.18253753100004, 29.395979771000043], [81.17766150700004, 29.39285318300017], [81.17570952500017, 29.392745291000097], [81.17455115600018, 29.390917383000044], [81.1711071580001, 29.38922330700018], [81.16988737200012, 29.386592474000054], [81.17695712000011, 29.38491404000007], [81.17924957400004, 29.380440240000098], [81.18503059500011, 29.37691346300005], [81.18604237000005, 29.374775925000108], [81.18924775700015, 29.37396385900007], [81.19149961400007, 29.371750097000074], [81.1966660120001, 29.369338018000064], [81.20064385600011, 29.365136466000024], [81.20751122800004, 29.364959016000114], [81.21082945100005, 29.36211164000008], [81.21677398900005, 29.363270614000044], [81.22271825700017, 29.36214648800012], [81.22667199500012, 29.360599187000048], [81.23019031800015, 29.357444219000115], [81.235304816, 29.35680591199997], [81.23676643400017, 29.353079218], [81.23913736300011, 29.352871958000094], [81.24190152400013, 29.354175249000036], [81.24889444100006, 29.350677360000077], [81.25143383000017, 29.34439948200003], [81.25384382000004, 29.34396861900018], [81.25473687300013, 29.341255571000033], [81.258507415, 29.33801592600014], [81.25771149200017, 29.336314386000026], [81.25812872600005, 29.330527681999968], [81.25531553700006, 29.327837457000044], [81.25308489900004, 29.328031346000046], [81.25361893100018, 29.325666262000084], [81.25480546200004, 29.32534824600009], [81.25749435000012, 29.32160763100012], [81.25958077100017, 29.317135016000123], [81.26006489200017, 29.313655784000048], [81.26405195100011, 29.31128399900018], [81.2642579890001, 29.30757966100009], [81.26795857700006, 29.30574294500019], [81.26910383600006, 29.303550354000038], [81.26796808600005, 29.301761567000085], [81.26925847300015, 29.30167328000016], [81.27173621800006, 29.30392398100014], [81.27499926100012, 29.304564653000057], [81.27916255900016, 29.308320797000135], [81.29496654700006, 29.310307957000077], [81.29487480800003, 29.31375713400007], [81.29604950400005, 29.314805677000038], [81.29931242900011, 29.315021703000184], [81.29858091700015, 29.317691881000144], [81.3013876340001, 29.318980362000048], [81.302569602, 29.322228138000185], [81.30393695000004, 29.320244467000123], [81.30835616700017, 29.323150945000066], [81.309110966, 29.325064339000107], [81.31688543800004, 29.32305882300011], [81.31792150600018, 29.32181576500011], [81.31743431300009, 29.31887322100016], [81.31997010300012, 29.318210755000052], [81.32224486900003, 29.313957747000075], [81.32644952600003, 29.314885969000102], [81.32967203300012, 29.31431412900008], [81.32978993000017, 29.312170894000076], [81.33210544400009, 29.307734964000076], [81.33234478300011, 29.304553827], [81.33576798600012, 29.30189256000017], [81.34046765900018, 29.30168902100013], [81.339834301, 29.29868141600008], [81.34349655000005, 29.291674871000055], [81.34835571300005, 29.290802833000043], [81.35056630200006, 29.286540575000117], [81.35306027900009, 29.286168581000084], [81.35417603900004, 29.284022672000106], [81.35617394700017, 29.284382791000155], [81.35642664400018, 29.285476130000063], [81.3582312960001, 29.284077286000183], [81.36643110500012, 29.28450617300001], [81.36885805300017, 29.28627247900016], [81.37322222600005, 29.29201244300009], [81.37717792100005, 29.292716370000164], [81.382642664, 29.29664376700015], [81.38193233900012, 29.30266175900016], [81.38770859800013, 29.299965403000158], [81.39350395400004, 29.291742190000036], [81.39578963800017, 29.285083405000023], [81.40507188400005, 29.284117187000163], [81.41378952800017, 29.27939412500018], [81.41668761500006, 29.276777534000132], [81.42047168900018, 29.282138712000176], [81.42868809300018, 29.286222484], [81.44288408900007, 29.287360415000137], [81.44812122600001, 29.285064703000046], [81.45551124400009, 29.28005014900009], [81.4577006350001, 29.279873509000083], [81.46424177200015, 29.274651525000024], [81.46616824800003, 29.27184550100003], [81.46794850499998, 29.27182577800005], [81.48374895200004, 29.27954034400011], [81.49064999300003, 29.290556789000107], [81.49988416900004, 29.297246734], [81.503704352, 29.303160299000183], [81.50465951000018, 29.30782144000011], [81.50784863700017, 29.31454254500011], [81.51096449500005, 29.31266520200012], [81.51240172700011, 29.313137929000106], [81.51508938100011, 29.311995260000117], [81.51797499400004, 29.314898406000168], [81.52376738800001, 29.315056286000072], [81.52879399699998, 29.326030583000147], [81.53578563400004, 29.33107565], [81.54034024000009, 29.33222123200011], [81.54725618300006, 29.338179587000127], [81.55047697900011, 29.345679933000042], [81.55026893700011, 29.349477076000028], [81.55833636500006, 29.357839099000103], [81.55910407900018, 29.354251631000125], [81.56093712800009, 29.351408547000062], [81.56633562200017, 29.349087278000127], [81.56690956600005, 29.347772034], [81.57088316200003, 29.350382909000132], [81.57317451100016, 29.35507612900011], [81.57305667300017, 29.36070222800015], [81.57617052100005, 29.362791140000127], [81.57952631799998, 29.362449470000115], [81.58112906200012, 29.36445680500003], [81.58317427000003, 29.3650297800001], [81.58996515100011, 29.36512849200011], [81.59281768200015, 29.36602938700014], [81.59978304900017, 29.36556740400016], [81.60366061900015, 29.36692814500003], [81.60832835100018, 29.367215935000047], [81.61138437700009, 29.370145579000166], [81.61355550700017, 29.370722058000183], [81.6254807850001, 29.368796782], [81.62744050700007, 29.36608081300011], [81.63461474300016, 29.364346077000107], [81.63815087600011, 29.361464584000146], [81.63861028600007, 29.35626763800002], [81.63943150199998, 29.35530961400019], [81.64207431000017, 29.356323244], [81.64357318300011, 29.355454347000148], [81.64387493000015, 29.34335591700011], [81.64183125100004, 29.33438609800004], [81.64236497700017, 29.331748914000116], [81.64644392700012, 29.32800288400017], [81.64700346800015, 29.32500242200007], [81.64631759100018, 29.323478680000107], [81.64762995100006, 29.321388143000036], [81.6528360480001, 29.321547703000135], [81.65611838500018, 29.319623366000144], [81.66267055200007, 29.319606774000192], [81.66992811000017, 29.31683451100008], [81.67818539600017, 29.321407827000087], [81.68278874000003, 29.319464824000192], [81.69080237400016, 29.32051534200008], [81.69381974600009, 29.32538761800015], [81.6996436870001, 29.329381267000088], [81.70307444600019, 29.33053839600018], [81.71588830600012, 29.33127107400003], [81.72232502900005, 29.33238674900008], [81.72981557800011, 29.335156473999973], [81.74013599700004, 29.33422445900004], [81.74537519600005, 29.3388396040001], [81.74723448300011, 29.34659753300008], [81.75024778200014, 29.348603952000133], [81.75219727100006, 29.351744063000126], [81.75010213900009, 29.35402725700004], [81.75091423900011, 29.35610007600002], [81.74996277600019, 29.357761032000155], [81.75108403600007, 29.359053928000037], [81.7496451510001, 29.360004881000066], [81.74904956700004, 29.362182670000095], [81.74956329100007, 29.366496962000156], [81.75500532700005, 29.374843576000103], [81.75642218100006, 29.375613711000142], [81.75806114500011, 29.382265115000166], [81.75985131400017, 29.383520399000133], [81.76097735300016, 29.386536446000036], [81.76640906400007, 29.385677542000167], [81.767111323, 29.386681771000042], [81.76679198500005, 29.390375985000162], [81.768720438, 29.39217384500006], [81.77169161800003, 29.390913880000028], [81.77668430200009, 29.391322476000084], [81.7863830870001, 29.388687487000084], [81.78922800500015, 29.38896394000011], [81.78931934300005, 29.393539890000056], [81.79033884700004, 29.39596992800017], [81.79438779200012, 29.399353921000113], [81.79490460000005, 29.402382396000178], [81.79780324100017, 29.407016131000148], [81.79633066800011, 29.408373734000122], [81.79754830200011, 29.41239268900017], [81.79663044800003, 29.414527414000133], [81.79867105000011, 29.420900725000024], [81.7989174220001, 29.429093714000146], [81.80205194700017, 29.431650771000022], [81.80531629200016, 29.439288669000177], [81.80349017400005, 29.44218006], [81.80304801500017, 29.44730963700016], [81.80516150000017, 29.45257267700009], [81.80770712800012, 29.45387671800006], [81.80694306300006, 29.46609969000008], [81.80534135500005, 29.46881604000015], [81.80379532300003, 29.475089056000115], [81.79904242200013, 29.481137735000118], [81.79648910700018, 29.486503198000037], [81.789264252, 29.494824129000108], [81.78764554800006, 29.49746142200007], [81.78793114800004, 29.499970191999978], [81.78379829600004, 29.502259168000023], [81.77909596100005, 29.50117482600018], [81.77147052200019, 29.503578554000114], [81.766721738, 29.503418812000064], [81.76237367100009, 29.505293387000165], [81.76907980400011, 29.50930798500019], [81.77478448500005, 29.507975692000173], [81.78050724200006, 29.509110544000066], [81.7807036260001, 29.510505603000126], [81.77712489400017, 29.51562407300014], [81.77717429300003, 29.517277108000087], [81.78096502900019, 29.520372123000072], [81.78227857800005, 29.524681427000132], [81.78560974300007, 29.52832932300015], [81.79177881500016, 29.52929869700006], [81.79277165700006, 29.530526597000062], [81.79242271400005, 29.533320955000136], [81.79002483500017, 29.53765232800015], [81.79026987300017, 29.54047481800012], [81.79346329700007, 29.547759184000085], [81.79745116900017, 29.552083963000086], [81.798898399, 29.55915313700001], [81.79774778600012, 29.573344981000105], [81.79842232100009, 29.576521257000024], [81.79537428300011, 29.580791189000138], [81.79430349300014, 29.584011622000048], [81.78976094600011, 29.589621220000026], [81.7908330950001, 29.59373791300004], [81.78957402500015, 29.596600877000128], [81.78378487000015, 29.597219360000054], [81.77780533000015, 29.599690479000174], [81.77559147200009, 29.60161839200009], [81.77365441000006, 29.60575054000003], [81.76870182400006, 29.606494336000083], [81.76035230700018, 29.605146215000048], [81.75541796900006, 29.605921008999985], [81.75035887100017, 29.604846723000094], [81.73680251000019, 29.60652187000005], [81.72783033000019, 29.614916768000114], [81.72369008300018, 29.615029698000058], [81.72056779800005, 29.616359403], [81.71982443600018, 29.621088762000056], [81.7156810090001, 29.62079541800017], [81.71295480000003, 29.625174531000027], [81.7095772890001, 29.627071492000027], [81.70939365400011, 29.632273753000163], [81.70643781600012, 29.635273554000094], [81.70273547500011, 29.63712695200013], [81.70345569400013, 29.640174865000176], [81.70250972800017, 29.641898566000066], [81.69927460800005, 29.642005883000138], [81.70349165300019, 29.645353381000177], [81.7002157500001, 29.647414202999983], [81.70159040100003, 29.649321858000178], [81.702034411, 29.655450040000062], [81.69937246600011, 29.66186296400008], [81.69899054700005, 29.6703005440001], [81.69694817600009, 29.678250770000147], [81.69732807499997, 29.680804285000136], [81.70297453500018, 29.688237859000026], [81.70396799100013, 29.69327596500017], [81.70857541300018, 29.700193822000074], [81.70846406500016, 29.702819823000027], [81.7107279710001, 29.70787357100005], [81.7099381050001, 29.709822002000067], [81.71245568000012, 29.71408264000013], [81.71250909800011, 29.71797308800018], [81.71391257400006, 29.72223970900012], [81.7197913220001, 29.729127712000093], [81.72298162499999, 29.729586215000097], [81.72690118900016, 29.734064478], [81.72727361200015, 29.735442729000113], [81.72604181300011, 29.73710055600003], [81.72818587100005, 29.74152079800018], [81.7263632000001, 29.743950981000125], [81.726676521, 29.747885054999983], [81.73272109900012, 29.7591178400001], [81.73006408499998, 29.769144550000135], [81.73602699400016, 29.776840978000166], [81.73711013400009, 29.784584706000146], [81.74011988200004, 29.78925256100007], [81.73950391000005, 29.792163280000125], [81.74660295199999, 29.794554783000024], [81.75288507400006, 29.798657866000156], [81.75524016300011, 29.796749892000037], [81.75810338200017, 29.797346941000114], [81.76440268100009, 29.801751619000072], [81.7735388100001, 29.798078534000183], [81.77683391900013, 29.801419831000146], [81.77842731099997, 29.805391295000106], [81.78024159400007, 29.806988797000145], [81.780569232, 29.810462476000055], [81.77907705100012, 29.81431228200006], [81.78266615600018, 29.822173846000055], [81.78148220300017, 29.82484901600003], [81.78288259300001, 29.82712776000011], [81.7832686640001, 29.830445455000074], [81.78289814800019, 29.837171131000048], [81.78066197900017, 29.839207471000122], [81.7890646830001, 29.843237653000187], [81.79409126100018, 29.84877164400001], [81.79142540600014, 29.853731578000065], [81.79280280600005, 29.855644919000042], [81.79290012600012, 29.857809529000065], [81.79514470600003, 29.86032888900013], [81.79444163200014, 29.862708093000037], [81.79659838300012, 29.86678199200003], [81.79709383400018, 29.878725880000104], [81.79589955400013, 29.8822447820001], [81.79622485300013, 29.890364587000192], [81.79351900000017, 29.895464568000193], [81.79561462300012, 29.896884154000077], [81.79861977700006, 29.896620160000055], [81.79843613500014, 29.898752583000032], [81.79941290500011, 29.900562303000186], [81.79878277600011, 29.90196447300019], [81.79098182000001, 29.90670947700005], [81.78855847200009, 29.909554548000187], [81.78545632300018, 29.91028799700001], [81.78251557400012, 29.90848987300012], [81.78079611000015, 29.909093291000147], [81.77985308000012, 29.91099341000006], [81.77522065100004, 29.91112670500013], [81.77267846500001, 29.909718488000067], [81.76924687900015, 29.909454336000067], [81.76337921900011, 29.910981545000027], [81.7616755520001, 29.912315207000063], [81.75486806300006, 29.908470593000118], [81.74582536800017, 29.908564890000036], [81.74209334500017, 29.907225961000165], [81.73874384800007, 29.908243879000167], [81.7332650460001, 29.907863959], [81.73121171100007, 29.91073753400019], [81.72643665000015, 29.912270508000177], [81.72147147100014, 29.91152419300016], [81.71588009400011, 29.90935331600008], [81.7106639050001, 29.914237468000067], [81.70953225700009, 29.926801835], [81.69736365500012, 29.93142272200015], [81.69885813800005, 29.937874325999985], [81.69797944800018, 29.94099820700012]]]}}, {"type": "Feature", "properties": {"id": "achham", "name": "Achham", "pcode": "NP0769", "province": "Sudur Paschim", "area_sqkm": 1700.1, "center_lat": 29.06780128, "center_lon": 81.29406579}, "geometry": {"type": "Polygon", "coordinates": [[[81.17110889499997, 29.38643075500005], [81.16676082800006, 29.385173125000108], [81.15998137499997, 29.385463379000157], [81.15330535500004, 29.381932055000163], [81.15452726600017, 29.37761997400014], [81.15293346400011, 29.37522855200018], [81.154160306, 29.3711669490001], [81.15303667700005, 29.369546334000063], [81.15266085900004, 29.365777494000156], [81.15290623400017, 29.363889173000132], [81.15442092600006, 29.362570130000165], [81.14809840900017, 29.359547888], [81.14369025900015, 29.349327595000034], [81.14138785500006, 29.340686183], [81.13994118199997, 29.329988850000177], [81.136132906, 29.322149718000105], [81.13480582000017, 29.309264153000186], [81.13556360900009, 29.30480608000005], [81.12852838300012, 29.30138205300011], [81.12293772400017, 29.30076472200011], [81.12057226200005, 29.29929163899999], [81.11894266000019, 29.29654337300019], [81.11880911800017, 29.29286671500006], [81.11168943100006, 29.284519896000177], [81.11202471700005, 29.27992920500003], [81.10398000300006, 29.269617994000157], [81.099897334, 29.261283904000038], [81.10001272900007, 29.255879036000124], [81.09800147599998, 29.253891007], [81.09791771400018, 29.251664650000123], [81.09666991500006, 29.250043659000028], [81.09720156200007, 29.24818002899997], [81.09816307600005, 29.246988277000128], [81.10938960900017, 29.242975680000086], [81.11277614400018, 29.23960497900015], [81.11500468200018, 29.234381122], [81.11336109200005, 29.22746862000008], [81.1097937880001, 29.222827004000067], [81.10144912900006, 29.21523397300018], [81.09061755400012, 29.21494622700004], [81.08633187300018, 29.20891266800004], [81.08217028100012, 29.207523492], [81.07858701700007, 29.20782341400013], [81.0746026650001, 29.20550676400012], [81.07452332400004, 29.204189448000022], [81.07232316600005, 29.201876259000073], [81.07104227600013, 29.202136343000063], [81.069633619, 29.20060090400011], [81.06419234300012, 29.198275609], [81.06148351100018, 29.199253669000143], [81.0523870720001, 29.198928200000125], [81.04765043700013, 29.197380280000118], [81.04607669100011, 29.19871176000015], [81.03873380800019, 29.199555456000155], [81.03533772200018, 29.19895402900005], [81.03006338200004, 29.195332669000038], [81.02660754400011, 29.195267941000054], [81.02814650300019, 29.192772758000103], [81.02670801900018, 29.192344465000076], [81.02671645300018, 29.18894503300004], [81.02990394, 29.186203644000102], [81.03281547700016, 29.186198435000108], [81.03407633000012, 29.188363625000022], [81.03617152800007, 29.18926313100002], [81.03960715200014, 29.187398915000188], [81.04115222700017, 29.185417871000027], [81.04538197900018, 29.184333842000115], [81.04563084000006, 29.18316520400009], [81.04398271800017, 29.181555145000175], [81.04317850100011, 29.175372334000087], [81.04922395500012, 29.17007141099998], [81.04825691900004, 29.16535946200014], [81.04931189000018, 29.162449186], [81.05064878400015, 29.161580097000126], [81.05689955500014, 29.161451382000052], [81.05841445400017, 29.15895807200019], [81.0588122470001, 29.15345602800005], [81.05538574700012, 29.151707020000117], [81.0557257480001, 29.14897515500013], [81.06589180200012, 29.145077093000168], [81.06708854800002, 29.143064298000183], [81.06714939900019, 29.14039348500006], [81.06491664900017, 29.13642438700009], [81.06531661800017, 29.13512263900003], [81.07182268400004, 29.134007206000035], [81.07137611900015, 29.130538023000156], [81.0739892040001, 29.126760411000078], [81.07915585600017, 29.124068608000186], [81.08162457800017, 29.120633836000025], [81.08597172500004, 29.11759480300003], [81.0924032420001, 29.10932759900004], [81.09767813300016, 29.10645450100003], [81.10185297599998, 29.100703656000178], [81.10898611400012, 29.097855705000143], [81.1089763110001, 29.086750489000053], [81.10980085900007, 29.08477143500005], [81.11138371400006, 29.08416782600011], [81.11422162100013, 29.085209892000023], [81.117451513, 29.083948366000072], [81.12617346200005, 29.083060692000174], [81.12847468100011, 29.081206521000183], [81.12791705700016, 29.078297035000105], [81.12553669100004, 29.074953939000068], [81.12460139600017, 29.07419687100014], [81.12214210200005, 29.07443150400013], [81.11943270000006, 29.07220748600014], [81.12126119600003, 29.065289530000086], [81.12273335200013, 29.062840654000127], [81.13129961900006, 29.059308974000146], [81.13162032200006, 29.052311192000047], [81.13554622600014, 29.04856490800006], [81.13645572100017, 29.041821359000153], [81.13900742800018, 29.038759866000078], [81.14233043400014, 29.037396101000127], [81.14477583600018, 29.034718134000116], [81.14417357200006, 29.018794982000145], [81.14723038200003, 29.00942777100005], [81.15003999600015, 29.00602962500011], [81.1471102210001, 29.001785167000094], [81.14707004700017, 28.99789615300017], [81.14517394600006, 28.993388859000106], [81.14224116200006, 28.989766843000098], [81.13561220900004, 28.988765346000093], [81.13171831900007, 28.980826469000192], [81.12698404900004, 28.979579021], [81.11865447200017, 28.974082356000054], [81.10787837900017, 28.977775241000188], [81.10528029600005, 28.97780220400017], [81.10561232700007, 28.973463924000043], [81.10188158000005, 28.970198053000104], [81.10371216300007, 28.965592506000178], [81.11188522900005, 28.96582059500014], [81.12061571900017, 28.96254883000006], [81.12657124700019, 28.95736170600003], [81.13243684700018, 28.948736525000186], [81.13459476900005, 28.94708983200013], [81.14210021200012, 28.945338409000044], [81.14742612200007, 28.937527456999987], [81.15530336500018, 28.933620490000123], [81.1596775430001, 28.92864351200012], [81.16912982200012, 28.921097405000012], [81.18429073900018, 28.914815256999987], [81.19440995900004, 28.91615008300016], [81.1989201500001, 28.912958192000076], [81.20125089400005, 28.909426614000097], [81.20409359200005, 28.908028220000062], [81.20974120000017, 28.907902246000106], [81.21906089600014, 28.90607366900008], [81.23651870499998, 28.905911048000178], [81.23855720800003, 28.907628727000088], [81.23975346400005, 28.912235254000166], [81.24112231000015, 28.913920178000126], [81.24557424500017, 28.91508519500013], [81.25160582100006, 28.91365059700007], [81.25720293600017, 28.90645515400007], [81.26118957900007, 28.902946410000027], [81.26601142800013, 28.902600883000105], [81.27228986100016, 28.90736846400017], [81.27566711800006, 28.916193254000063], [81.28159714000009, 28.918691728], [81.28339709400018, 28.921557361000055], [81.28645309100017, 28.922825410000087], [81.29063452800017, 28.922401382000032], [81.2981296430001, 28.925229661000174], [81.30193286700018, 28.92567910800011], [81.30977064700016, 28.920021678000126], [81.31618870700004, 28.920160192000026], [81.32091110400006, 28.914380856000037], [81.32149044700014, 28.911661179000134], [81.32407947100012, 28.908023052000146], [81.32820953600014, 28.907812315], [81.33207505300015, 28.908856273000083], [81.33648473600005, 28.906905326000015], [81.3370499080001, 28.899924358000078], [81.33881443100017, 28.89563609200019], [81.34222283300011, 28.892622731000188], [81.34751928100013, 28.890123224000035], [81.35512237600011, 28.88969961800018], [81.36726507200007, 28.890984478000064], [81.37472608200011, 28.892944524000086], [81.38342098400011, 28.89855962300004], [81.38734148800012, 28.899865869000166], [81.38926490700004, 28.903683917000023], [81.39428120200006, 28.90844723100014], [81.40342731900017, 28.908977309000136], [81.41405302900006, 28.914090607000105], [81.41856709600006, 28.910857594], [81.42445026100017, 28.90928263400008], [81.4316680020001, 28.910588425000014], [81.43427050300005, 28.90820012000006], [81.43561045200016, 28.904309063000085], [81.44052404100017, 28.90033181300015], [81.46482728600012, 28.893597775000046], [81.46647541900018, 28.891009163000092], [81.46683706100004, 28.887337633000072], [81.46495689400018, 28.883148308000102], [81.46236941800015, 28.88052470200006], [81.46211467500012, 28.875084454000103], [81.46577809100017, 28.869427779000034], [81.46728120700004, 28.86185881500012], [81.466499607, 28.85955151700017], [81.46281925000005, 28.85507738000007], [81.46315349700012, 28.852732414], [81.47416231400013, 28.849019412000132], [81.48158041500011, 28.84273547300006], [81.487880625, 28.842342846000122], [81.49042186800006, 28.84090557700017], [81.49070590100018, 28.83701781600007], [81.49384148000019, 28.833164717000045], [81.49561404900004, 28.826230509000084], [81.49812423400016, 28.821204260000115], [81.50336471900005, 28.817119836000074], [81.50998096100005, 28.809253656000067], [81.51783137000007, 28.8069589160001], [81.52225339600017, 28.80326713100004], [81.52297618400013, 28.799149648000025], [81.51836312400019, 28.795767897000076], [81.51578192500006, 28.788001892000068], [81.51535774600018, 28.780376467000053], [81.51807000100018, 28.776874017000125], [81.52771410500003, 28.774495121000143], [81.53119475700004, 28.767511003000095], [81.53421266200007, 28.763880632000053], [81.53495073300013, 28.761260947000096], [81.52942789700006, 28.755658825000182], [81.52062135900007, 28.75145428000019], [81.51960589600014, 28.75006858100005], [81.52034812700003, 28.749003190000053], [81.52223263600007, 28.748199666], [81.5299997510001, 28.749006325000096], [81.54232652100006, 28.74843404900014], [81.55376031300017, 28.750029998000116], [81.57159966500006, 28.755356129000177], [81.57814527100004, 28.755459210000083], [81.58119029000017, 28.75916153500009], [81.58191984100006, 28.764807023], [81.58052640400012, 28.771848977000047], [81.58153121500004, 28.774603549000062], [81.57976367300017, 28.77999358800008], [81.57463399900013, 28.783315771000048], [81.56607595800017, 28.79128122700007], [81.56190649100006, 28.79321830200007], [81.55677623700012, 28.797500834000175], [81.55675675400005, 28.800099655000167], [81.55210371900006, 28.80951434400015], [81.55281946200006, 28.811424365000164], [81.55172315800013, 28.81578932000008], [81.548810812, 28.818826311000123], [81.54408354800006, 28.82767923700004], [81.54321460500017, 28.831039413000042], [81.53776106400005, 28.83635347100011], [81.53772483100016, 28.842638325000166], [81.531807458, 28.85604337600006], [81.52775644800005, 28.85949043700009], [81.52533518700017, 28.86464536300008], [81.52280867300004, 28.867111787000056], [81.52202360600018, 28.869891706000146], [81.51503866300015, 28.874378318000083], [81.51001923899997, 28.883822247000182], [81.508866603, 28.889745869000024], [81.50034958000009, 28.88944609100008], [81.49154463400004, 28.894143596000163], [81.48311525300011, 28.902741680000133], [81.48062785600007, 28.908974381000064], [81.47358817800006, 28.916642009000157], [81.47081588700013, 28.92258448100017], [81.46641712400003, 28.928837153000018], [81.46237048600005, 28.928902966000066], [81.45949722199998, 28.930622703000154], [81.45579240800004, 28.931034551000153], [81.45490889800016, 28.934813813000176], [81.45118595800011, 28.938918381000178], [81.4445239640001, 28.940366279000045], [81.44377429300016, 28.94167933400007], [81.44502580600005, 28.952338362000035], [81.44383560900008, 28.95846683900004], [81.44212856100006, 28.960098789000085], [81.4370340690001, 28.956623541000113], [81.43267740800013, 28.957032379000054], [81.42844057800005, 28.962261335000164], [81.428154828, 28.964495499000066], [81.42391193500004, 28.966322645000105], [81.42235013800007, 28.970363185999986], [81.4255375730001, 28.97761449400008], [81.42503184499998, 28.980192248000037], [81.42142134200014, 28.983454207000193], [81.42011325300018, 28.98797670600004], [81.41604524400009, 28.991447453000035], [81.41501508300007, 28.994347106000077], [81.41002890500016, 28.996900113000038], [81.4106662370001, 28.997958524000126], [81.41369325500011, 28.99825372600003], [81.41719086100011, 29.000564123000117], [81.41891912100016, 29.004246930000136], [81.41863600300013, 29.006108878000134], [81.4160183030001, 29.00923673800014], [81.41479888900011, 29.013774610999974], [81.41526957700017, 29.017089247000172], [81.41768742099998, 29.02129551500019], [81.41889179900016, 29.02243998900002], [81.42542039900019, 29.022931534000122], [81.42990660600003, 29.029418431000124], [81.43261003000003, 29.037451597000086], [81.43955103300016, 29.040219499000102], [81.44285427400018, 29.046890237000127], [81.44283245700007, 29.050801811000156], [81.44402336600007, 29.053725868000072], [81.45918516100005, 29.064631128000144], [81.46453322600013, 29.06562104900007], [81.46669759200017, 29.06701888599997], [81.46770655000012, 29.06869818200005], [81.46726654100007, 29.072487136000177], [81.46927222900013, 29.07805864700009], [81.48300351200015, 29.08307412300013], [81.49319346400006, 29.08824328500009], [81.49666060800001, 29.088674918000038], [81.50047635499999, 29.09109918400003], [81.50978965400009, 29.090664855000057], [81.51466371500004, 29.09538560900006], [81.51796899400006, 29.096516551000036], [81.51901587700007, 29.098490757000093], [81.521494695, 29.10021806900005], [81.52340136200013, 29.104201037000053], [81.53660407600006, 29.106682055000192], [81.54767634300003, 29.11538502600007], [81.5512560890001, 29.119620184000155], [81.56087880200005, 29.124890266000136], [81.565440846, 29.126086906000182], [81.56186356100005, 29.127410296000107], [81.55230090900005, 29.128505684000118], [81.53517915800012, 29.136819857000148], [81.53291851700004, 29.140873386000067], [81.5332148120001, 29.146506991000024], [81.52455532000005, 29.152678982000054], [81.5182163560001, 29.153549562000137], [81.51341021200017, 29.15301317000018], [81.51190613700015, 29.151185006000105], [81.49897864600018, 29.15167815300009], [81.49683300600009, 29.154762961000074], [81.495252192, 29.159900586], [81.49513879500017, 29.168797569000105], [81.4905610890001, 29.16980922300013], [81.4872044280001, 29.17293888500012], [81.48667776100012, 29.175841669000135], [81.48981005900015, 29.180526653000186], [81.49064917600003, 29.184960502000138], [81.48458636400005, 29.19269494700012], [81.48377070300012, 29.197333440000136], [81.4819912000001, 29.200524930000086], [81.48557439900014, 29.21074615400005], [81.48692285600009, 29.22689660700007], [81.49471012000015, 29.236249533000148], [81.49811648300016, 29.23877903200008], [81.49950985500016, 29.23879192600009], [81.49469788300007, 29.245998687000167], [81.49313035700004, 29.25219640000006], [81.49476984000012, 29.25454982800005], [81.4942194790001, 29.257903821000014], [81.49109377600007, 29.261619180000025], [81.48694487600011, 29.26332383800002], [81.48411995400016, 29.262995767000177], [81.47954330400006, 29.264458190000084], [81.47751821500009, 29.26393308700011], [81.47544888800019, 29.266624744000126], [81.47131885300013, 29.26863787300016], [81.46811848100003, 29.271865777000073], [81.46616824800003, 29.27184550100003], [81.46424177200015, 29.274651525000024], [81.4577006350001, 29.279873509000083], [81.45551124400009, 29.28005014900009], [81.44812122600001, 29.285064703000046], [81.44288408900007, 29.287360415000137], [81.42868809300018, 29.286222484], [81.42047168900018, 29.282138712000176], [81.41668761500006, 29.276777534000132], [81.41378952800017, 29.27939412500018], [81.40507188400005, 29.284117187000163], [81.39668127800019, 29.28444460200018], [81.39285108500013, 29.292941881000104], [81.38770859800013, 29.299965403000158], [81.38193233900012, 29.30266175900016], [81.382642664, 29.29664376700015], [81.37717792100005, 29.292716370000164], [81.37322222600005, 29.29201244300009], [81.36885805300017, 29.28627247900016], [81.36643110500012, 29.28450617300001], [81.3582312960001, 29.284077286000183], [81.35642664400018, 29.285476130000063], [81.35617394700017, 29.284382791000155], [81.35417603900004, 29.284022672000106], [81.35306027900009, 29.286168581000084], [81.35056630200006, 29.286540575000117], [81.34835571300005, 29.290802833000043], [81.34349655000005, 29.291674871000055], [81.339834301, 29.29868141600008], [81.34046765900018, 29.30168902100013], [81.33576798600012, 29.30189256000017], [81.33234478300011, 29.304553827], [81.33210544400009, 29.307734964000076], [81.32978993000017, 29.312170894000076], [81.32967203300012, 29.31431412900008], [81.32644952600003, 29.314885969000102], [81.32224486900003, 29.313957747000075], [81.31997010300012, 29.318210755000052], [81.31743431300009, 29.31887322100016], [81.31792150600018, 29.32181576500011], [81.31688543800004, 29.32305882300011], [81.309110966, 29.325064339000107], [81.30835616700017, 29.323150945000066], [81.30393695000004, 29.320244467000123], [81.302569602, 29.322228138000185], [81.3013876340001, 29.318980362000048], [81.29858091700015, 29.317691881000144], [81.29931242900011, 29.315021703000184], [81.29604950400005, 29.314805677000038], [81.29487480800003, 29.31375713400007], [81.29496654700006, 29.310307957000077], [81.27916255900016, 29.308320797000135], [81.27499926100012, 29.304564653000057], [81.27173621800006, 29.30392398100014], [81.26925847300015, 29.30167328000016], [81.26796808600005, 29.301761567000085], [81.26910383600006, 29.303550354000038], [81.26795857700006, 29.30574294500019], [81.2642579890001, 29.30757966100009], [81.26405195100011, 29.31128399900018], [81.26006489200017, 29.313655784000048], [81.25958077100017, 29.317135016000123], [81.25749435000012, 29.32160763100012], [81.25480546200004, 29.32534824600009], [81.25361893100018, 29.325666262000084], [81.25308489900004, 29.328031346000046], [81.25531553700006, 29.327837457000044], [81.25812872600005, 29.330527681999968], [81.25771149200017, 29.336314386000026], [81.258507415, 29.33801592600014], [81.25473687300013, 29.341255571000033], [81.25384382000004, 29.34396861900018], [81.25143383000017, 29.34439948200003], [81.24889444100006, 29.350677360000077], [81.24190152400013, 29.354175249000036], [81.23913736300011, 29.352871958000094], [81.23676643400017, 29.353079218], [81.235304816, 29.35680591199997], [81.23019031800015, 29.357444219000115], [81.22667199500012, 29.360599187000048], [81.22271825700017, 29.36214648800012], [81.21677398900005, 29.363270614000044], [81.21082945100005, 29.36211164000008], [81.20751122800004, 29.364959016000114], [81.20064385600011, 29.365136466000024], [81.1966660120001, 29.369338018000064], [81.19149961400007, 29.371750097000074], [81.18924775700015, 29.37396385900007], [81.18604237000005, 29.374775925000108], [81.18503059500011, 29.37691346300005], [81.17924957400004, 29.380440240000098], [81.17695712000011, 29.38491404000007], [81.17110889499997, 29.38643075500005]]]}}, {"type": "Feature", "properties": {"id": "doti", "name": "Doti", "pcode": "NP0770", "province": "Sudur Paschim", "area_sqkm": 2050.4, "center_lat": 29.18816784, "center_lon": 80.86231315}, "geometry": {"type": "Polygon", "coordinates": [[[80.9288801460001, 29.42075622700014], [80.9273034090001, 29.421702742000036], [80.92613912200017, 29.425742034999985], [80.91611789799998, 29.43136174800003], [80.912422305, 29.440657265000084], [80.91281881300017, 29.444097448000036], [80.91164163700012, 29.445648599000037], [80.9082056360001, 29.44399283299998], [80.9080791720001, 29.43949719000011], [80.90728154900012, 29.438517708000063], [80.90160854500004, 29.436790293], [80.90031177800012, 29.433694440000124], [80.89657238600017, 29.43192774200014], [80.8915980750001, 29.42450487000002], [80.88438942600004, 29.421724283000117], [80.87840152600006, 29.416688799000042], [80.87516792200017, 29.412395531000072], [80.86775776600007, 29.411508640000136], [80.86190395900007, 29.414331297], [80.86101464500001, 29.41064913000008], [80.85196950400012, 29.407553609], [80.85225969200013, 29.405307262000065], [80.85904736800006, 29.3992264850001], [80.8600416540001, 29.396414698000058], [80.85832654600011, 29.38752094600011], [80.85304486600006, 29.378580461000126], [80.85060304800004, 29.376608550000128], [80.84505395700018, 29.375424711000164], [80.84036119500018, 29.37716961000018], [80.83742116800005, 29.380346586000144], [80.83515315100004, 29.381169353000132], [80.83313001600004, 29.379820202000133], [80.82666886400017, 29.371292226000094], [80.82000893700007, 29.369487868000192], [80.81702940600019, 29.366095770000186], [80.8145577680001, 29.364768236000145], [80.80815792900006, 29.366423870000176], [80.80123397100004, 29.364827990000094], [80.79556592000012, 29.365760075000026], [80.79110904300018, 29.365171197000166], [80.78568445400015, 29.366349013000104], [80.7782855000001, 29.364579767000066], [80.77453925800012, 29.364956995], [80.77344094799997, 29.36278962], [80.77109854200017, 29.361545018000072], [80.77090987399998, 29.35829875700017], [80.76989396700009, 29.357322522000118], [80.76679145200012, 29.357635201000107], [80.76513945500011, 29.359696298000074], [80.76508953100011, 29.362820318000047], [80.76280614600006, 29.363499723000075], [80.76103947500019, 29.35861303300004], [80.762211815, 29.351356290000126], [80.76100821000017, 29.34887288100009], [80.75800962100016, 29.348894527000084], [80.75721446500006, 29.346269699000175], [80.75754488600012, 29.344661979000193], [80.76126506500003, 29.340820450000024], [80.76268808300017, 29.335799565000173], [80.7590557040001, 29.33226516000002], [80.76022048400017, 29.32858820600012], [80.76229061900017, 29.326126465000073], [80.76924390500011, 29.32297385300018], [80.77113456100005, 29.320664970000166], [80.77132532700017, 29.318229137000174], [80.77625844900012, 29.31545396300004], [80.77167957500018, 29.312010787000077], [80.77240134100003, 29.30177106600007], [80.768725641, 29.302820482000072], [80.76608533200016, 29.301807541000187], [80.76389589000019, 29.30504289600009], [80.75622575100016, 29.308805192000136], [80.75207395900003, 29.307949347000147], [80.74750355800012, 29.302445859000045], [80.74121112800015, 29.301513492000083], [80.73825457600009, 29.302633345000118], [80.73716146900017, 29.29936494600014], [80.73412009200013, 29.298594226000148], [80.73587424900006, 29.29695103000006], [80.73257762700018, 29.294169937000106], [80.7325222340001, 29.291972764000093], [80.73612927500005, 29.28996556100003], [80.73864790700009, 29.2908028920001], [80.7396844380001, 29.28831913500005], [80.74355892000005, 29.28780780000011], [80.74566705500013, 29.28452976000011], [80.7457859640001, 29.28170583500014], [80.7433929290001, 29.277640936000182], [80.74370919000006, 29.274763270000108], [80.75056651200009, 29.273767955999972], [80.75626149300007, 29.26951061600016], [80.75665915900015, 29.267517184999974], [80.75466401000017, 29.266755729000067], [80.75339893400013, 29.262875766000093], [80.74904545100009, 29.257138119000103], [80.74813842800006, 29.254488164000122], [80.7467658590001, 29.25473374400019], [80.74402259100015, 29.251597565000168], [80.74122643500004, 29.25126736800007], [80.7407899640001, 29.249416795000172], [80.73816170200007, 29.24921771100003], [80.7355977090001, 29.24743284400006], [80.73617326900012, 29.246655796000084], [80.73884476699999, 29.246893374000024], [80.73902027900016, 29.24511848100019], [80.7372069540001, 29.24576683400005], [80.73092747000015, 29.24052330300009], [80.72903860400015, 29.240311926000118], [80.72374578600011, 29.236146054000017], [80.72114909300012, 29.235240609000186], [80.7192260920001, 29.23615468100013], [80.71435570500006, 29.235467680000056], [80.70988803000017, 29.234018881000168], [80.70671957400003, 29.231323149000048], [80.70770504500013, 29.22517618000012], [80.70373178500017, 29.220865722000156], [80.70181868500015, 29.21673120300011], [80.7055795330001, 29.21394245], [80.70663598600004, 29.21169579900004], [80.70627995600006, 29.201859968], [80.70439200400017, 29.19231176900007], [80.70348326400011, 29.191957855000055], [80.70087788100011, 29.194701811000073], [80.69987845700018, 29.194613868000033], [80.69774447800012, 29.18865840000018], [80.69486332899999, 29.18782175300015], [80.68797122100017, 29.190670642000043], [80.67867935600003, 29.191426948000128], [80.67451129200015, 29.18887463300007], [80.67331626400005, 29.18503697600005], [80.67040121100018, 29.182825948000072], [80.66219137800005, 29.183132570000055], [80.65139972400016, 29.180481485000143], [80.64570454200003, 29.178073198000106], [80.64204234800002, 29.17883033000004], [80.62926726100005, 29.17631208300014], [80.62340236799997, 29.17754989400015], [80.61947147000018, 29.180992330000038], [80.60805059500012, 29.17383122400014], [80.60533240300015, 29.170261460000177], [80.59823812900004, 29.170093758000178], [80.59407805100011, 29.164207251999983], [80.5920835330001, 29.162965030000066], [80.59111951500012, 29.157016010000063], [80.59380232500001, 29.154014889], [80.59109598800018, 29.147871115000044], [80.57617628700001, 29.14769168600003], [80.57415097600006, 29.145551297000168], [80.56709864400005, 29.14475046800004], [80.56586714700006, 29.14353743900017], [80.56534768200015, 29.14188227500017], [80.56630274100002, 29.13809345300018], [80.56470594300009, 29.135413059000086], [80.56908386000003, 29.134364651000055], [80.57209808300013, 29.130140272000176], [80.56652541200009, 29.118850378000047], [80.56274587100006, 29.118705031000047], [80.55912728300018, 29.116306582000107], [80.55711579900003, 29.116789448000077], [80.5495325820001, 29.113464035000163], [80.54818679100003, 29.112029339000117], [80.54465747700004, 29.111194059000127], [80.53919566300004, 29.107539140000142], [80.52891379500016, 29.105452952000178], [80.52643706900005, 29.105730706000088], [80.52615259500016, 29.102718296000035], [80.52763222900018, 29.101266264000174], [80.52852203400016, 29.0982015620001], [80.52772522300006, 29.097294198000156], [80.53025978500017, 29.09510599700019], [80.53138572600017, 29.089572154000166], [80.53365186300016, 29.088914558000113], [80.54405650100006, 29.08144089100017], [80.55890499400016, 29.07602702800017], [80.55972610000009, 29.074186710000106], [80.56209236300003, 29.072746375000065], [80.56105421000018, 29.068080234000035], [80.56574647800011, 29.062223718000098], [80.5691146040001, 29.064382060000128], [80.57215112500006, 29.06444365699997], [80.57326804900009, 29.063648682], [80.57336432700009, 29.061147355000116], [80.57778229100006, 29.0607552620001], [80.57749667400014, 29.0588663100001], [80.57912709900012, 29.057569827000066], [80.58144902900005, 29.057714719000103], [80.5826188420001, 29.059211657000162], [80.58389841700017, 29.059197612000162], [80.58597918900006, 29.055849702000103], [80.58792424300003, 29.055312028000174], [80.58765962600006, 29.05340732700006], [80.5897553480001, 29.052791162000176], [80.5919525110001, 29.054846124], [80.5933140190001, 29.05446899000009], [80.5967005380001, 29.04811793900012], [80.60087203600011, 29.04774909000008], [80.60309964600003, 29.049005440000087], [80.60657542900015, 29.048453974000097], [80.60988135100013, 29.052176670000108], [80.60939950400012, 29.054528007000044], [80.61148291600017, 29.057595185000025], [80.61525068800017, 29.059024912999973], [80.61691177800014, 29.05868228000014], [80.61917377500015, 29.055320811000115], [80.62265828100016, 29.05259442300013], [80.62389479700016, 29.049033710000117], [80.63118528700011, 29.04234074200002], [80.63415417800019, 29.035924380000097], [80.64385848, 29.02816798000015], [80.65648729200007, 29.022067339000102], [80.66047555800003, 29.022005274000037], [80.66369103400018, 29.01973277700006], [80.66873691200004, 29.01924451300016], [80.670513127, 29.018071334000126], [80.67428362900006, 29.020679202999986], [80.67667376700012, 29.019090132000088], [80.67637534300013, 29.01695995300014], [80.67796040300016, 29.01540274300004], [80.68167076700018, 29.015594274000023], [80.68322276900017, 29.01401894100013], [80.69218221700004, 29.014723243000162], [80.69578271400013, 29.011672575000148], [80.70353281500002, 29.009528815000067], [80.71652652500006, 29.01019748600004], [80.72082192600016, 29.00714539000012], [80.72272130300018, 29.010108889000094], [80.72427776600006, 29.01081590600006], [80.73805781800019, 29.01078709000018], [80.745459541, 29.00788233500009], [80.75262590100004, 29.002621607000037], [80.76146781400018, 29.002757148000114], [80.76349096000007, 28.999997307000115], [80.76061810900012, 28.99594758300009], [80.76108791600018, 28.988860626000132], [80.770481695, 28.985030795000114], [80.78247230500006, 28.985021391000032], [80.78652820300005, 28.98051399000019], [80.79801681300012, 28.977188639000133], [80.80299977800018, 28.97227603800019], [80.80635634900017, 28.966835339000056], [80.80369696600013, 28.959495549999986], [80.80866820500017, 28.95688817000007], [80.80963579100012, 28.954972112000178], [80.80753851800006, 28.94761058200004], [80.80532330500017, 28.94486205700008], [80.80605422600013, 28.9436629920001], [80.81024060600015, 28.94274182100014], [80.81094615300015, 28.937998772000185], [80.81567992600009, 28.939031737000107], [80.81697054500017, 28.936416748000056], [80.81639176400017, 28.931859165000162], [80.82055209000015, 28.93065570800013], [80.82695500500012, 28.932035539000026], [80.82898476100019, 28.933693911999967], [80.82920144300016, 28.93588464800007], [80.8320386690001, 28.93662136800009], [80.83164778300011, 28.940295645000106], [80.83976675300005, 28.95023351600014], [80.83678531800018, 28.955709340000055], [80.84193360200015, 28.959963202000154], [80.84356229700018, 28.964711406000106], [80.8504740570001, 28.974633637000125], [80.85553437599998, 28.977576243000044], [80.86231386300005, 28.975359102000027], [80.86613570300011, 28.968802950000054], [80.87325509100009, 28.969558850000055], [80.87988321100016, 28.968064826999978], [80.88283115299998, 28.966131921000112], [80.8853463530001, 28.95994403200018], [80.8837254230001, 28.95064412500011], [80.88098225800007, 28.94575104400019], [80.88308112300007, 28.94054636900006], [80.89007580700007, 28.939704102000064], [80.89295723800018, 28.93540904000014], [80.89479887800019, 28.934343477000027], [80.897137182, 28.934451310000156], [80.89858896100014, 28.935684090000166], [80.89669344800006, 28.940683849000038], [80.89711448300017, 28.94251593500013], [80.89887570300004, 28.941159209000148], [80.8994920610001, 28.937252581000166], [80.90137119200006, 28.936532111000076], [80.90292584800005, 28.936921221000148], [80.90362457200013, 28.940136306000113], [80.90576183200005, 28.94068822000014], [80.90761492000007, 28.939065333000087], [80.91034180500003, 28.931329590000132], [80.91134736300006, 28.930921953000052], [80.91442904700017, 28.93200676800018], [80.91816379500011, 28.938758565000114], [80.92132206700012, 28.941546411], [80.92798987300006, 28.943420263000178], [80.93627206700017, 28.942519832000187], [80.95318774800012, 28.93576593800003], [80.95643442400018, 28.93615738200009], [80.96797781900005, 28.941297184000064], [80.98093365600005, 28.93870316100015], [80.98282408800014, 28.942098434000116], [80.98921747100007, 28.945379152000157], [80.99851478500017, 28.95485633200019], [81.00173181600013, 28.95660465100019], [81.00820023200015, 28.957319484000095], [81.01324045100017, 28.955433228000174], [81.01782550400003, 28.952260959000114], [81.02072034900016, 28.952815510000107], [81.02638397300018, 28.958681915000113], [81.02842530400005, 28.963168400000143], [81.04171411900012, 28.969966260000035], [81.04610344800011, 28.974088499000118], [81.04869414600006, 28.97816615300019], [81.05156557500004, 28.97767104999997], [81.05687130500013, 28.973209100000133], [81.06426253100005, 28.97035215400018], [81.07297534800006, 28.969925873000136], [81.08074626500007, 28.967609194000033], [81.08935539900006, 28.967709801000126], [81.09648761000017, 28.964287279000075], [81.10052000600018, 28.963749696000093], [81.10371216300007, 28.965592506000178], [81.10188158000005, 28.970198053000104], [81.10561232700007, 28.973463924000043], [81.10528029600005, 28.97780220400017], [81.10827014000017, 28.977664383000047], [81.11807105300011, 28.97399948100002], [81.12698404900004, 28.979579021], [81.1319309110001, 28.981002206000085], [81.13593134800004, 28.989038013000027], [81.141532326, 28.989487922000023], [81.14349803500005, 28.99074233200008], [81.14707004700017, 28.99789615300017], [81.1471102210001, 29.001785167000094], [81.15003999600015, 29.00602962500011], [81.14723038200003, 29.00942777100005], [81.14417357200006, 29.018794982000145], [81.14454691800006, 29.03533194900018], [81.13900742800018, 29.038759866000078], [81.13645572100017, 29.041821359000153], [81.13554622600014, 29.04856490800006], [81.13162032200006, 29.052311192000047], [81.13129961900006, 29.059308974000146], [81.12273335200013, 29.062840654000127], [81.12126119600003, 29.065289530000086], [81.11943270000006, 29.07220748600014], [81.12214210200005, 29.07443150400013], [81.12460139600017, 29.07419687100014], [81.12553669100004, 29.074953939000068], [81.12791705700016, 29.078297035000105], [81.12847468100011, 29.081206521000183], [81.12617346200005, 29.083060692000174], [81.117451513, 29.083948366000072], [81.11422162100013, 29.085209892000023], [81.11138371400006, 29.08416782600011], [81.10980085900007, 29.08477143500005], [81.1089763110001, 29.086750489000053], [81.10898611400012, 29.097855705000143], [81.10185297599998, 29.100703656000178], [81.09767813300016, 29.10645450100003], [81.0924032420001, 29.10932759900004], [81.08597172500004, 29.11759480300003], [81.08162457800017, 29.120633836000025], [81.07915585600017, 29.124068608000186], [81.0739892040001, 29.126760411000078], [81.07137611900015, 29.130538023000156], [81.07182268400004, 29.134007206000035], [81.06531661800017, 29.13512263900003], [81.06491664900017, 29.13642438700009], [81.06714939900019, 29.14039348500006], [81.06708854800002, 29.143064298000183], [81.06589180200012, 29.145077093000168], [81.0557257480001, 29.14897515500013], [81.05538574700012, 29.151707020000117], [81.0588122470001, 29.15345602800005], [81.05841445400017, 29.15895807200019], [81.05689955500014, 29.161451382000052], [81.05064878400015, 29.161580097000126], [81.04931189000018, 29.162449186], [81.04825691900004, 29.16535946200014], [81.04922395500012, 29.17007141099998], [81.04317850100011, 29.175372334000087], [81.04398271800017, 29.181555145000175], [81.04563084000006, 29.18316520400009], [81.04538197900018, 29.184333842000115], [81.04115222700017, 29.185417871000027], [81.03960715200014, 29.187398915000188], [81.03617152800007, 29.18926313100002], [81.03407633000012, 29.188363625000022], [81.03281547700016, 29.186198435000108], [81.02990394, 29.186203644000102], [81.02671645300018, 29.18894503300004], [81.02670801900018, 29.192344465000076], [81.02814650300019, 29.192772758000103], [81.02660754400011, 29.195267941000054], [81.03006338200004, 29.195332669000038], [81.03533772200018, 29.19895402900005], [81.03873380800019, 29.199555456000155], [81.04607669100011, 29.19871176000015], [81.04765043700013, 29.197380280000118], [81.0523870720001, 29.198928200000125], [81.06148351100018, 29.199253669000143], [81.06419234300012, 29.198275609], [81.069633619, 29.20060090400011], [81.07104227600013, 29.202136343000063], [81.07232316600005, 29.201876259000073], [81.07452332400004, 29.204189448000022], [81.0746026650001, 29.20550676400012], [81.07858701700007, 29.20782341400013], [81.08217028100012, 29.207523492], [81.08633187300018, 29.20891266800004], [81.09061755400012, 29.21494622700004], [81.10144912900006, 29.21523397300018], [81.1097937880001, 29.222827004000067], [81.11336109200005, 29.22746862000008], [81.11500468200018, 29.234381122], [81.11277614400018, 29.23960497900015], [81.10938960900017, 29.242975680000086], [81.09816307600005, 29.246988277000128], [81.09720156200007, 29.24818002899997], [81.09666991500006, 29.250043659000028], [81.09791771400018, 29.251664650000123], [81.09800147599998, 29.253891007], [81.10001272900007, 29.255879036000124], [81.099897334, 29.261283904000038], [81.10398000300006, 29.269617994000157], [81.11202471700005, 29.27992920500003], [81.11168943100006, 29.284519896000177], [81.11880911800017, 29.29286671500006], [81.11894266000019, 29.29654337300019], [81.12057226200005, 29.29929163899999], [81.12293772400017, 29.30076472200011], [81.12852838300012, 29.30138205300011], [81.13556360900009, 29.30480608000005], [81.13480582000017, 29.309264153000186], [81.136132906, 29.322149718000105], [81.13994118199997, 29.329988850000177], [81.14138785500006, 29.340686183], [81.14369025900015, 29.349327595000034], [81.14809840900017, 29.359547888], [81.15442092600006, 29.362570130000165], [81.15290623400017, 29.363889173000132], [81.15266085900004, 29.365777494000156], [81.15303667700005, 29.369546334000063], [81.154160306, 29.3711669490001], [81.15293346400011, 29.37522855200018], [81.15452726600017, 29.37761997400014], [81.15330535500004, 29.381932055000163], [81.15998137499997, 29.385463379000157], [81.16830648000001, 29.38574859300013], [81.17047565700017, 29.387218798000163], [81.1711071580001, 29.38922330700018], [81.17455115600018, 29.390917383000044], [81.17570952500017, 29.392745291000097], [81.17766150700004, 29.39285318300017], [81.18643778000006, 29.39760523500007], [81.18393783400018, 29.39972450200014], [81.18546834500006, 29.401384805000134], [81.18592028299997, 29.404835427000023], [81.18155657000017, 29.408188866000103], [81.17421202700007, 29.411067870000068], [81.17054939600018, 29.41155083600006], [81.16957370400007, 29.405348966000133], [81.16359265400007, 29.39467800600005], [81.16120392900007, 29.39408315300011], [81.15951332500015, 29.395398006000107], [81.15559579100005, 29.39581766400005], [81.14997553600017, 29.393843645], [81.14630097300017, 29.394116194000105], [81.14386742600016, 29.39086152800013], [81.1392113170001, 29.39426583200003], [81.13822979200017, 29.399673751000137], [81.13153762700006, 29.404268604000094], [81.12841136300017, 29.40461221600009], [81.125351254, 29.40271810200005], [81.12450707300007, 29.398336125000128], [81.122351714, 29.396474893000118], [81.11912129700016, 29.395668050000097], [81.11578884200003, 29.39773268600004], [81.10821503200009, 29.399818762000166], [81.10580915700007, 29.404273436000153], [81.09556231300007, 29.40776396900003], [81.08580553900015, 29.407023967000043], [81.08102332900006, 29.410045056000172], [81.07656138400012, 29.406240101000037], [81.07070528800017, 29.407628328000044], [81.06246464500015, 29.405374489], [81.053376082, 29.40882516700009], [81.04764804000018, 29.41324167500011], [81.0434938950001, 29.411255866000033], [81.03346313800017, 29.41174599500016], [81.02985716700016, 29.413321298000028], [81.02590339900001, 29.4167485480001], [81.02384147300012, 29.421375338000075], [81.02253077000012, 29.421824465000043], [81.01394827000018, 29.421318083000074], [81.00866095800006, 29.419958324999982], [81.00308085500012, 29.416074300000048], [81.00024874100012, 29.41280131700006], [80.9947859240001, 29.409419935000074], [80.99017014800012, 29.407946759000026], [80.98675904200013, 29.405092981000166], [80.97821161700017, 29.403605378000123], [80.97086118500005, 29.40021815700004], [80.961266395, 29.39926611700014], [80.95392755200004, 29.401291638000146], [80.94953493100013, 29.3998690250001], [80.94683216800007, 29.400388940000084], [80.93938030400005, 29.397475923000172], [80.93546040500019, 29.401114780000057], [80.93293598800011, 29.408938514000113], [80.93108038500014, 29.411425568000027], [80.93208982900018, 29.417417207000085], [80.9288801460001, 29.42075622700014]]]}}, {"type": "Feature", "properties": {"id": "kailali", "name": "Kailali", "pcode": "NP0771", "province": "Sudur Paschim", "area_sqkm": 3285.5, "center_lat": 28.73133178, "center_lon": 80.90417961}, "geometry": {"type": "Polygon", "coordinates": [[[80.56591883100009, 29.062127291000024], [80.56105421000018, 29.068080234000035], [80.5571632220001, 29.05818267], [80.55284748200006, 29.05558554400011], [80.54909457200006, 29.051108788000022], [80.54494722400011, 29.04994434300005], [80.54489252800005, 29.047056862000147], [80.54659646100004, 29.044651107000163], [80.54576147000017, 29.043549762000055], [80.546697053, 29.042106972000056], [80.54680647500004, 29.038434878000146], [80.54385785600005, 29.03607437300019], [80.54039795100005, 29.03631755500004], [80.54014582100012, 29.035075980000045], [80.53414542000007, 29.029686591000086], [80.53433783500009, 29.025705778000145], [80.53308803400012, 29.024036668000065], [80.53365077100005, 29.02032114700006], [80.53599443400009, 29.01754562399998], [80.53541357400019, 29.013936577000095], [80.52600212900012, 29.009213958000032], [80.52072905400018, 29.00468593700009], [80.51877801300014, 29.00438125200003], [80.51892764200016, 28.999220549000142], [80.51275071900005, 28.996583839000152], [80.50464427200018, 28.996376005000172], [80.50056669700007, 28.993200560000048], [80.49610533900005, 28.99495246400005], [80.49400326500017, 28.994245252000155], [80.48820473000012, 28.995315078000033], [80.48518066300011, 28.997836802000165], [80.48372236000017, 28.994264805000114], [80.48989555100013, 28.984681028000182], [80.48830401400016, 28.97744293300019], [80.48355060100005, 28.970073122000144], [80.4807193850001, 28.95754706499997], [80.47275357600012, 28.947910985000078], [80.47162873300005, 28.943857411000067], [80.46808068000001, 28.938770152000075], [80.47128456100018, 28.9383316090001], [80.47420632500018, 28.93974620199998], [80.47628488400011, 28.93787296800008], [80.48156730500011, 28.936763263000046], [80.48304036400003, 28.932270826000035], [80.48756539900006, 28.926781709000124], [80.48784727800006, 28.92433519100007], [80.49055275700016, 28.92576896700018], [80.49501200800006, 28.922805801000152], [80.50490123800012, 28.925402811000083], [80.51059627600006, 28.921340701000076], [80.51038997500012, 28.91859014200014], [80.50307121800006, 28.911604136000165], [80.50364391700009, 28.902458870000032], [80.5072840420001, 28.89886750200003], [80.50774495100012, 28.896782577000124], [80.50700123400014, 28.893411881000134], [80.50361060600011, 28.88768318400014], [80.50362617600013, 28.883397207000144], [80.50539994399998, 28.87891464800009], [80.50084683400001, 28.870472376], [80.50218787400013, 28.868365901000118], [80.50241004300017, 28.86389113300004], [80.49948234100003, 28.86247941500011], [80.49828766900015, 28.860122181000122], [80.49894711000007, 28.85827030000013], [80.49711162500017, 28.857433354000136], [80.49641795200006, 28.85481852500004], [80.49991207500005, 28.852401983000107], [80.50073797300018, 28.84800615300003], [80.50296411200009, 28.847615093000172], [80.50220795900015, 28.844244397000182], [80.50341597500005, 28.840883101000088], [80.50462744000004, 28.84048827800018], [80.5054591760001, 28.842097514000102], [80.50785026700015, 28.83943079300019], [80.50753326700004, 28.838340078000044], [80.5051411660001, 28.837697483000113], [80.50770197800006, 28.835489344999985], [80.50702135000006, 28.8338220550001], [80.5076135430001, 28.832371447000128], [80.51178667600016, 28.83128347700017], [80.51519496300017, 28.835047233000182], [80.5182586580001, 28.83184819500019], [80.51798119800003, 28.827985176000027], [80.51572421800017, 28.82655815600009], [80.51419098200012, 28.823340373000065], [80.51674565200011, 28.82212908000008], [80.5179057850001, 28.819608955000035], [80.51139871400005, 28.817266590000088], [80.51097768400018, 28.81506785099998], [80.51614267200017, 28.81084549700006], [80.51988166100017, 28.810881355000163], [80.52444374000004, 28.806142230000034], [80.52608658200012, 28.805956206000076], [80.53135028800006, 28.799116848000153], [80.53108186800006, 28.796573519000106], [80.53532493800014, 28.795004594000034], [80.53866571700007, 28.795936426000083], [80.53846027700013, 28.79023745300003], [80.54097972200009, 28.787769089000108], [80.54466099600006, 28.786168599000177], [80.54562704000006, 28.783212199], [80.55017038200009, 28.777797511000188], [80.55012432600017, 28.774129351000056], [80.54851476800008, 28.772055336000165], [80.54333605700009, 28.770840070000133], [80.537026228, 28.771184081000115], [80.53572602300017, 28.76783412600014], [80.54019973900012, 28.76321817500019], [80.5409703730001, 28.756268206000072], [80.54487797600007, 28.75182379500012], [80.54995299100011, 28.750503046000176], [80.555135334, 28.754966572], [80.55647453400013, 28.754573939000124], [80.55673870800018, 28.753239316000077], [80.55234655900011, 28.74942817700014], [80.55146280200006, 28.745750444000066], [80.54997078600007, 28.743967903999987], [80.54451389700006, 28.740798127], [80.53925618900007, 28.74014868200004], [80.5381048700001, 28.738660368000183], [80.53965363500009, 28.736258611000096], [80.54230042000012, 28.73495020500002], [80.55067461000004, 28.73367212000005], [80.55505320200012, 28.72601663600011], [80.55941460100013, 28.722620009000025], [80.55311179400007, 28.72141497700011], [80.55034488800015, 28.719664292000118], [80.54942442400016, 28.71752716600008], [80.55026869700015, 28.713013658000193], [80.5482298120001, 28.711545081000054], [80.545694341, 28.711841146000154], [80.54072332100014, 28.716315791000113], [80.53861498900011, 28.71597473300011], [80.53849077100011, 28.711329475000184], [80.54209460100009, 28.706922431000066], [80.5405408790001, 28.70295809300012], [80.54409468400007, 28.700560798000083], [80.54263239100015, 28.696368982000024], [80.54942723600004, 28.694927702000143], [80.55414497400017, 28.690713530000153], [80.56861292200011, 28.687884042000178], [80.59034290200003, 28.679706332000137], [80.58011979200012, 28.661260037000034], [80.59752575400017, 28.655937069000174], [80.58965309100012, 28.647715479000055], [80.60618232100012, 28.652343951000034], [80.61150518500017, 28.639277356000093], [80.6332054450001, 28.63729625900004], [80.641444223, 28.643249064000088], [80.65116580200015, 28.633894307000105], [80.66754218500006, 28.64186959300008], [80.67069048200005, 28.628321391000156], [80.67949084900016, 28.620442236000088], [80.67732347700002, 28.60432520200004], [80.69564943100005, 28.603352405000123], [80.69020663300017, 28.587056657000062], [80.70384853700006, 28.578749104000053], [80.71455869500016, 28.56786456500015], [80.72445566900012, 28.57478142800005], [80.73868831500005, 28.565860252000164], [80.73833772500018, 28.574195288000055], [80.76790308699998, 28.565599782999982], [80.76946457900004, 28.549686588000043], [80.78265195600005, 28.54676878100014], [80.789467898, 28.543352750000054], [80.78447987500005, 28.52926311400006], [80.78893416400007, 28.524347564000152], [80.79969381600006, 28.521104005000097], [80.81540480800004, 28.52064119000005], [80.82992897900016, 28.51172426900007], [80.84347527500012, 28.499700308000058], [80.84430029700013, 28.495450962], [80.85522559300011, 28.49709182900017], [80.8654863860001, 28.489547099000106], [80.86150424600015, 28.504128072000128], [80.87577902000015, 28.509743490000062], [80.8960456420001, 28.50563426300016], [80.89969685700015, 28.500479848999987], [80.9085524510001, 28.497557799000163], [80.90691512100017, 28.489660696000044], [80.90136294300015, 28.48567949000011], [80.90565344400017, 28.465768825], [80.91558335600018, 28.45762664500012], [80.91441553000004, 28.467796003000046], [80.919504845, 28.463736008000126], [80.91752730600007, 28.459728165000058], [80.93052463499998, 28.45760128200004], [80.93232286200004, 28.46303911500013], [80.94248557500003, 28.468424378000066], [80.94518818500018, 28.466110815000093], [80.93221976300009, 28.458583401000055], [80.944658011, 28.454713298000172], [80.95153649899999, 28.455575435000185], [80.95168561500009, 28.44751930600006], [80.9640206520001, 28.449571591000108], [80.96698862400018, 28.45697657200003], [80.97977735100005, 28.455241900000033], [80.96478900500017, 28.44471230100004], [80.96802765700005, 28.442867701000182], [80.96525262200004, 28.437721014000033], [80.97903761800006, 28.434335322000038], [80.97779458700012, 28.442477116000134], [80.9891231850001, 28.441632469000126], [80.99964885700001, 28.453989092000143], [81.01740204500004, 28.451621421000084], [81.012932692, 28.438209913000094], [81.01915014700012, 28.43166897500015], [81.02952274500018, 28.438538978000054], [81.03371085400005, 28.427909889000148], [81.01668775100012, 28.415753099000085], [81.02095638700018, 28.41032453200006], [81.03226554700012, 28.398737627000173], [81.03476870800017, 28.41334931100016], [81.04588381700012, 28.40998908], [81.06726898700015, 28.39443167500019], [81.06699762500006, 28.399550699000088], [81.06443859800015, 28.40316383200019], [81.05930584900011, 28.407423245000075], [81.05945003900013, 28.40987102100013], [81.06443773600006, 28.420772081000052], [81.06848222700017, 28.425778486000127], [81.07676228400004, 28.433417516000134], [81.08575047900001, 28.438343681000163], [81.08921224900013, 28.44993059400008], [81.08909844000004, 28.454185511000105], [81.09052257600007, 28.456894031000047], [81.09451567200006, 28.459754195000073], [81.09880278300011, 28.459333790000017], [81.10889100100013, 28.461397110000064], [81.11079602000012, 28.46347331800007], [81.11184821800009, 28.469017758000177], [81.114720643, 28.472500850000074], [81.12065829100015, 28.4750720670001], [81.12983604800019, 28.48214747300017], [81.13784730900005, 28.49083865200015], [81.14723969500017, 28.495907061000025], [81.14801932100005, 28.496912416000157], [81.14539631600019, 28.4962068210001], [81.14719141300009, 28.49815860100017], [81.15310523200009, 28.501924084000052], [81.16005654499997, 28.501385852000112], [81.16179198300006, 28.505850713000143], [81.16266829900007, 28.513350843000012], [81.16754544500003, 28.520649735000177], [81.1679979480001, 28.52414823000015], [81.18666277100016, 28.543055984000148], [81.19786326200006, 28.553038586000127], [81.20448326900004, 28.558436365999967], [81.22421480800011, 28.57082879900014], [81.23234221100012, 28.577497292000032], [81.24853472100017, 28.594067854000116], [81.25951303900007, 28.61205877800012], [81.26867725500017, 28.617784560000075], [81.27097160200003, 28.63016057100009], [81.28187883400011, 28.63927262700014], [81.28743936100005, 28.647953024000117], [81.28731854500018, 28.66345152600013], [81.28532145200006, 28.67000014400014], [81.28444630500019, 28.68169667300009], [81.28155185900016, 28.690351896000095], [81.281293758, 28.69454394100012], [81.27823361300005, 28.69808301000006], [81.27330956200007, 28.70001738899998], [81.27136591500005, 28.702089920000162], [81.26766397000011, 28.70276955700018], [81.26639705700018, 28.70413916300015], [81.27304792000007, 28.71726203800017], [81.272717871, 28.726155522000056], [81.2703747110001, 28.728565018000097], [81.26006261200018, 28.728828852000106], [81.25600683100004, 28.729905885000107], [81.25626764800006, 28.734825558000125], [81.25956603700001, 28.74047476700008], [81.26098581200017, 28.745800481], [81.25944401000015, 28.75008743700016], [81.25066893200011, 28.75495417900015], [81.24712768600017, 28.76085308400019], [81.24721606800006, 28.763314107000156], [81.2493140520001, 28.765715039000042], [81.25063648500014, 28.77000778400003], [81.24764941100011, 28.779609854000114], [81.24508684000006, 28.782163706], [81.23255241900011, 28.78597574500003], [81.22765637000009, 28.791147824000177], [81.22579705600009, 28.795082934000163], [81.22600024400003, 28.79697301100009], [81.22782115100017, 28.798894233000112], [81.23896580900015, 28.802987505000033], [81.24213657000007, 28.80980360400008], [81.24074009000014, 28.812348474000146], [81.23181576100006, 28.81496960900006], [81.22953471900018, 28.817288051000048], [81.22951663300012, 28.825957433000042], [81.23359038300003, 28.8298418170001], [81.23032826600019, 28.83332819900005], [81.22587027500003, 28.835406632000172], [81.22421106700006, 28.838813544000175], [81.21862584000007, 28.841705700000034], [81.21233741500015, 28.84354750500006], [81.20843863400006, 28.847120121000103], [81.20515485500005, 28.85286416800011], [81.20553433300017, 28.854758435000065], [81.20832540300017, 28.857501781000053], [81.20803472000017, 28.859674638000115], [81.20603775600017, 28.862357674000066], [81.20225718600017, 28.863626693000185], [81.20012668400011, 28.86260119700006], [81.19864986400012, 28.860185088000094], [81.19989627600006, 28.85200573900005], [81.19925383500009, 28.84650461500013], [81.19509289000018, 28.832982251000033], [81.20356056800017, 28.828225619000136], [81.20657802400012, 28.825180131000025], [81.20748388900017, 28.822275413000057], [81.20495319200012, 28.817458450000174], [81.20213577600009, 28.81673404200012], [81.19550991500012, 28.82119691200006], [81.18168048500019, 28.824994872000048], [81.17799012100005, 28.82804297700011], [81.17557423200009, 28.83344894200019], [81.17401423100006, 28.834926284000062], [81.16525805200007, 28.834806489000187], [81.15662983900017, 28.828601822000053], [81.15481326500014, 28.82903250700008], [81.15288100600003, 28.830338611000172], [81.15258789600011, 28.831845841000188], [81.15756324500012, 28.84451142100005], [81.155841442, 28.846627202000093], [81.15169702900005, 28.848998300000176], [81.14907813400015, 28.85263999], [81.14496815100017, 28.862383029000114], [81.14482026600012, 28.871228455000164], [81.14275307800011, 28.87313000200004], [81.13683615100001, 28.872179759000176], [81.12895672400009, 28.86516274100012], [81.12674384400015, 28.86120351600016], [81.12729087800011, 28.85507834300006], [81.12589494200006, 28.851583023000046], [81.10788051500003, 28.848487815999988], [81.10232384000005, 28.844745090000117], [81.09254666500016, 28.855972915000166], [81.08905090000019, 28.862806045000127], [81.07669932400012, 28.863418197000158], [81.07277208500017, 28.864812264000136], [81.0717128, 28.86809282000013], [81.07380889100017, 28.875075888000083], [81.07218358500018, 28.876728087000117], [81.07069989700017, 28.877586050000104], [81.06715194700001, 28.877344275000098], [81.061170511, 28.873877578000076], [81.058682047, 28.873398215000066], [81.05140423100005, 28.876832360000094], [81.045301714, 28.88618959600018], [81.03912399000012, 28.890080651000176], [81.03388743500017, 28.89844680400006], [81.030272137, 28.908041800000092], [81.02564270500011, 28.911708522000083], [81.02147901600017, 28.919381440000052], [81.01360259100011, 28.922906131000104], [81.00741517, 28.927470187000097], [80.99762411000012, 28.928905110000073], [80.98705721300018, 28.93405461400016], [80.98093365600005, 28.93870316100015], [80.97379493000005, 28.939552424000112], [80.96888756900017, 28.941308695000032], [80.9539699550001, 28.935700891000067], [80.93627206700017, 28.942519832000187], [80.931241989, 28.94352348400008], [80.92474570000013, 28.942897393000067], [80.92177193700019, 28.941839952000066], [80.91850324200004, 28.93916484400006], [80.91486872900015, 28.932507853000175], [80.91134736300006, 28.930921953000052], [80.91034180500003, 28.931329590000132], [80.91028346700017, 28.93328765700005], [80.90635363200016, 28.94037057000014], [80.90381641700014, 28.940312479000056], [80.90292584800005, 28.936921221000148], [80.90137119200006, 28.936532111000076], [80.8994920610001, 28.937252581000166], [80.89905687400005, 28.940757812000015], [80.89737375900012, 28.942576995000024], [80.89669344800006, 28.940683849000038], [80.89858896100014, 28.935684090000166], [80.897137182, 28.934451310000156], [80.89440887000006, 28.934356658000127], [80.89047063300006, 28.93945850500012], [80.88321292000006, 28.940451754000094], [80.88112664400012, 28.943969024000182], [80.88098225800007, 28.94575104400019], [80.88364331300005, 28.950411645000088], [80.88434873500017, 28.956642888000033], [80.88528240100015, 28.957751296000083], [80.88470095600007, 28.962815193000154], [80.88283115299998, 28.966131921000112], [80.87988321100016, 28.968064826999978], [80.87325509100009, 28.969558850000055], [80.86613570300011, 28.968802950000054], [80.86298272000005, 28.974685298000054], [80.85873482400012, 28.97704727200005], [80.85488771700005, 28.977449245], [80.8504740570001, 28.974633637000125], [80.84356229700018, 28.964711406000106], [80.84193360200015, 28.959963202000154], [80.8369714100001, 28.956020877000185], [80.83968933100005, 28.949926605000087], [80.83715979500016, 28.946672874000058], [80.835639264, 28.946095846000105], [80.83164778300011, 28.940295645000106], [80.8320386690001, 28.93662136800009], [80.82920144300016, 28.93588464800007], [80.82898476100019, 28.933693911999967], [80.82695500500012, 28.932035539000026], [80.82101946600005, 28.93062690300013], [80.81668466800005, 28.931482829000117], [80.81697054500017, 28.936416748000056], [80.81567992600009, 28.939031737000107], [80.81094615300015, 28.937998772000185], [80.81024060600015, 28.94274182100014], [80.80605422600013, 28.9436629920001], [80.80532330500017, 28.94486205700008], [80.80753851800006, 28.94761058200004], [80.80963579100012, 28.954972112000178], [80.80866820500017, 28.95688817000007], [80.80369696600013, 28.959495549999986], [80.80635634900017, 28.966835339000056], [80.80299977800018, 28.97227603800019], [80.79801681300012, 28.977188639000133], [80.78652820300005, 28.98051399000019], [80.78247230500006, 28.985021391000032], [80.770481695, 28.985030795000114], [80.76108791600018, 28.988860626000132], [80.76061810900012, 28.99594758300009], [80.76349096000007, 28.999997307000115], [80.76146781400018, 29.002757148000114], [80.75262590100004, 29.002621607000037], [80.745459541, 29.00788233500009], [80.7383845230001, 29.01073359999998], [80.72427776600006, 29.01081590600006], [80.72272130300018, 29.010108889000094], [80.72192226400006, 29.00782665300011], [80.72062626600012, 29.007142700000088], [80.71672199900007, 29.010161805000052], [80.70353281500002, 29.009528815000067], [80.69578271400013, 29.011672575000148], [80.69218221700004, 29.014723243000162], [80.68322276900017, 29.01401894100013], [80.68167076700018, 29.015594274000023], [80.67796040300016, 29.01540274300004], [80.67637534300013, 29.01695995300014], [80.67667376700012, 29.019090132000088], [80.67428362900006, 29.020679202999986], [80.67083939500003, 29.018056340000157], [80.66873691200004, 29.01924451300016], [80.66369103400018, 29.01973277700006], [80.66099811600009, 29.02181710900004], [80.65648729200007, 29.022067339000102], [80.6487717920001, 29.02537468000014], [80.63934897700005, 29.03154185700015], [80.63415417800019, 29.035924380000097], [80.63118528700011, 29.04234074200002], [80.62389479700016, 29.049033710000117], [80.62265828100016, 29.05259442300013], [80.61656813400015, 29.05883919900009], [80.61148291600017, 29.057595185000025], [80.60939950400012, 29.054528007000044], [80.60988135100013, 29.052176670000108], [80.60709985200009, 29.048771326000065], [80.60445016400007, 29.048190595999984], [80.60309964600003, 29.049005440000087], [80.60087203600011, 29.04774909000008], [80.59838206600017, 29.047701125000117], [80.59642226000017, 29.04831110400005], [80.59301349400005, 29.054682403000072], [80.5919525110001, 29.054846124], [80.58992944900007, 29.052827785999966], [80.58765962600006, 29.05340732700006], [80.58792424300003, 29.055312028000174], [80.58597918900006, 29.055849702000103], [80.58389841700017, 29.059197612000162], [80.5826188420001, 29.059211657000162], [80.58144902900005, 29.057714719000103], [80.57912709900012, 29.057569827000066], [80.57749667400014, 29.0588663100001], [80.57778229100006, 29.0607552620001], [80.57336432700009, 29.061147355000116], [80.57249676700008, 29.064363544], [80.5691146040001, 29.064382060000128], [80.56591883100009, 29.062127291000024]]]}}, {"type": "Feature", "properties": {"id": "kanchanpur", "name": "Kanchanpur", "pcode": "NP0772", "province": "Sudur Paschim", "area_sqkm": 1617.6, "center_lat": 28.84467092, "center_lon": 80.28316254}, "geometry": {"type": "Polygon", "coordinates": [[[80.1867381300001, 29.12718056400007], [80.18522820400005, 29.13551334300007], [80.18434817200006, 29.13723348500008], [80.18261767000007, 29.136641018000034], [80.17807942700017, 29.128490661000058], [80.17488570700004, 29.126695850000146], [80.17102529800013, 29.126915656], [80.16775732700017, 29.125711165000098], [80.16652051600005, 29.12453507100014], [80.16561341500005, 29.119291737000083], [80.1638998140001, 29.116926188000036], [80.14996134500018, 29.106056527000135], [80.14435653900006, 29.10296218500008], [80.12848009400011, 29.061019719], [80.13646434700019, 29.058847210000124], [80.12642641700012, 29.031671374000098], [80.13133807700007, 29.03035205900011], [80.12455516500017, 29.013020468000036], [80.1362619900001, 29.009543567000037], [80.13557356000013, 29.00724058500009], [80.12679203400006, 29.005988279000064], [80.11792383500006, 28.98163894200019], [80.10023180800016, 28.986418835000165], [80.09604781400003, 28.97525445200006], [80.05846710800012, 28.916371417000164], [80.06473264600015, 28.837320995000027], [80.07496920199998, 28.82433095900012], [80.11810053599999, 28.828768021000087], [80.13844967700015, 28.813826606000077], [80.17092599000006, 28.78232969800007], [80.21603831600004, 28.755353713000147], [80.23347280700006, 28.75926150700019], [80.23476675600011, 28.75918984200007], [80.23717564800012, 28.75703788400017], [80.2414511390001, 28.756125836000024], [80.24584979100007, 28.756015090000062], [80.24961605800002, 28.757888088000186], [80.25144125400004, 28.757354536000094], [80.26091975800006, 28.750336995000055], [80.26505355500007, 28.743504122], [80.26451690600015, 28.73781658100006], [80.26298629900009, 28.734262080000065], [80.25979022500013, 28.731147393000185], [80.25618249700005, 28.729354638000075], [80.26636173400004, 28.721350136000183], [80.27475556000013, 28.71149234700016], [80.27755464000012, 28.70994627600004], [80.29363248099997, 28.71129672900014], [80.29686050300012, 28.709705104000136], [80.29889340500006, 28.706395063000116], [80.307873207, 28.704634403000114], [80.31726143800012, 28.69981172100006], [80.32026372100006, 28.695678330000078], [80.32188650600017, 28.691395873000033], [80.32263337000012, 28.685703600000068], [80.32121482600019, 28.681252496000184], [80.32592524199998, 28.66980049500006], [80.32588036900012, 28.666326254000126], [80.33723922100006, 28.660672798000064], [80.34728801400007, 28.654314954000142], [80.35332881600004, 28.65027884300008], [80.35564168299999, 28.646757199000035], [80.3603393140001, 28.645349203000023], [80.36058529300016, 28.64458115200017], [80.35776933200009, 28.64277216000005], [80.35716594900003, 28.640653286000088], [80.36070717500007, 28.635492873000032], [80.3675410570001, 28.635218048000127], [80.37088071100004, 28.632337045000043], [80.37127496000005, 28.629090477000034], [80.37424010500018, 28.62997943200014], [80.376318471, 28.62830605000005], [80.38284779300005, 28.630614482000112], [80.38608086700003, 28.62964561300015], [80.38698485300006, 28.630606160000127], [80.40456532100018, 28.634839865], [80.41466412100016, 28.639142968000158], [80.41837680400016, 28.639003341999967], [80.4239477000001, 28.63708477800003], [80.43235361100011, 28.637251120000144], [80.43763086000018, 28.63530599300003], [80.43988400000012, 28.630952426000192], [80.44255248700017, 28.628466128000127], [80.45157381600006, 28.62860673100016], [80.45620301800011, 28.623572195000122], [80.46049527600019, 28.62160411900004], [80.46166166600005, 28.618610724000064], [80.45957396800014, 28.617528549000156], [80.46288321300011, 28.617009326000073], [80.46428111800009, 28.614914601000066], [80.46374501300005, 28.614319150000085], [80.46181488400009, 28.615378589000045], [80.46024931200009, 28.61376390700002], [80.46248352900011, 28.612534299000117], [80.46613272300004, 28.600736816000165], [80.47160558100012, 28.59055476800006], [80.47093558400019, 28.584567189000154], [80.46841287600017, 28.58395952700016], [80.46850681600012, 28.58300567900011], [80.47537412800006, 28.583059449000075], [80.47853234700017, 28.585311779000108], [80.48105931300017, 28.58534399700011], [80.48367657200009, 28.582049086000097], [80.49490221400004, 28.57530329300016], [80.4997363970001, 28.569681375000016], [80.50413355500012, 28.569284657000082], [80.50637883100006, 28.56804536300001], [80.51518568000017, 28.557314096000027], [80.51757456900003, 28.551793263000036], [80.51886563600004, 28.552253549000113], [80.51984978200011, 28.554260313000043], [80.52271997800005, 28.55279054900012], [80.53066120000005, 28.57224403400005], [80.52983276900017, 28.574862531000065], [80.52555250600017, 28.57323244000014], [80.52155386500016, 28.57687755000012], [80.51475958800012, 28.615901031000135], [80.51126974900012, 28.623727760000122], [80.50346862900017, 28.665192185000137], [80.5060938630001, 28.670970120000106], [80.53978406300001, 28.69061579100014], [80.5500253350001, 28.69155258500001], [80.55414497400017, 28.690713530000153], [80.54942723600004, 28.694927702000143], [80.54263239100015, 28.696368982000024], [80.54409468400007, 28.700560798000083], [80.5405408790001, 28.70295809300012], [80.54209460100009, 28.706922431000066], [80.53862850700017, 28.71098932199999], [80.53821550300012, 28.714649163000047], [80.5387402180001, 28.716148906000058], [80.54019982600005, 28.71651476600016], [80.54608941500004, 28.711601047999977], [80.54917299000016, 28.71186631300003], [80.55026869700015, 28.713013658000193], [80.54942442400016, 28.71752716600008], [80.55034488800015, 28.719664292000118], [80.55311179400007, 28.72141497700011], [80.55940953400017, 28.722829802000035], [80.55505320200012, 28.72601663600011], [80.55067461000004, 28.73367212000005], [80.54230042000012, 28.73495020500002], [80.53965363500009, 28.736258611000096], [80.5381048700001, 28.738660368000183], [80.53925618900007, 28.74014868200004], [80.54451389700006, 28.740798127], [80.54997078600007, 28.743967903999987], [80.55146280200006, 28.745750444000066], [80.55234655900011, 28.74942817700014], [80.55581629400007, 28.75185793300011], [80.55680144000019, 28.753774143000044], [80.555135334, 28.754966572], [80.550470168, 28.750714595000034], [80.54814105200006, 28.750490274000185], [80.54431517100011, 28.752241499000036], [80.5409703730001, 28.756268206000072], [80.54019973900012, 28.76321817500019], [80.53607567600005, 28.76707063900011], [80.53610111600005, 28.770434201000057], [80.53840728400007, 28.77145951100016], [80.54333605700009, 28.770840070000133], [80.54851476800008, 28.772055336000165], [80.550272544, 28.774741172000176], [80.54999496000016, 28.778329334000034], [80.54562704000006, 28.783212199], [80.54466099600006, 28.786168599000177], [80.54097972200009, 28.787769089000108], [80.53846027700013, 28.79023745300003], [80.53866571700007, 28.795936426000083], [80.53532493800014, 28.795004594000034], [80.53108186800006, 28.796573519000106], [80.53135028800006, 28.799116848000153], [80.52608658200012, 28.805956206000076], [80.52444374000004, 28.806142230000034], [80.51988166100017, 28.810881355000163], [80.51614267200017, 28.81084549700006], [80.51097768400018, 28.81506785099998], [80.51139871400005, 28.817266590000088], [80.5179057850001, 28.819608955000035], [80.51674565200011, 28.82212908000008], [80.51419098200012, 28.823340373000065], [80.51572421800017, 28.82655815600009], [80.51798119800003, 28.827985176000027], [80.5182586580001, 28.83184819500019], [80.51519496300017, 28.835047233000182], [80.51178667600016, 28.83128347700017], [80.5076135430001, 28.832371447000128], [80.50702135000006, 28.8338220550001], [80.50770197800006, 28.835489344999985], [80.5051411660001, 28.837697483000113], [80.50753326700004, 28.838340078000044], [80.50785026700015, 28.83943079300019], [80.5054591760001, 28.842097514000102], [80.50462744000004, 28.84048827800018], [80.50341597500005, 28.840883101000088], [80.50220795900015, 28.844244397000182], [80.50296411200009, 28.847615093000172], [80.50073797300018, 28.84800615300003], [80.49991207500005, 28.852401983000107], [80.49641795200006, 28.85481852500004], [80.49711162500017, 28.857433354000136], [80.49894711000007, 28.85827030000013], [80.49828766900015, 28.860122181000122], [80.49948234100003, 28.86247941500011], [80.50241004300017, 28.86389113300004], [80.50218787400013, 28.868365901000118], [80.50084683400001, 28.870472376], [80.50539994399998, 28.87891464800009], [80.50362617600013, 28.883397207000144], [80.50361060600011, 28.88768318400014], [80.50700123400014, 28.893411881000134], [80.50774495100012, 28.896782577000124], [80.5072840420001, 28.89886750200003], [80.50364391700009, 28.902458870000032], [80.50307121800006, 28.911604136000165], [80.51038997500012, 28.91859014200014], [80.51059627600006, 28.921340701000076], [80.50490123800012, 28.925402811000083], [80.49501200800006, 28.922805801000152], [80.49055275700016, 28.92576896700018], [80.48784727800006, 28.92433519100007], [80.48756539900006, 28.926781709000124], [80.48304036400003, 28.932270826000035], [80.48156730500011, 28.936763263000046], [80.47628488400011, 28.93787296800008], [80.47420632500018, 28.93974620199998], [80.47128456100018, 28.9383316090001], [80.4680806830001, 28.93857842], [80.47162873300005, 28.943857411000067], [80.47275357600012, 28.947910985000078], [80.4807193850001, 28.95754706499997], [80.48355060100005, 28.970073122000144], [80.48802131400004, 28.976756056000113], [80.48980603000012, 28.98292344099997], [80.48976599800017, 28.985138422000034], [80.48372236000017, 28.994264805000114], [80.4840084110001, 28.996271309], [80.48561428500011, 28.998161029000073], [80.48149918600006, 28.99674891900014], [80.47965311100018, 28.993865727000127], [80.47601835299997, 28.994246268999973], [80.47171721300009, 28.996767229000056], [80.4732340760001, 28.99999213500007], [80.47274051700003, 29.00380021100017], [80.47501437500006, 29.00486932900003], [80.4766211110001, 29.007537412000033], [80.47503266100017, 29.01001034900014], [80.4776290320001, 29.015170338000132], [80.47803349300011, 29.01798939300005], [80.47549438300018, 29.019197622000092], [80.46885336200017, 29.018722643000103], [80.4696522110001, 29.021157488000085], [80.46844827700016, 29.023413012000162], [80.46935978500011, 29.026649160000034], [80.46807278400007, 29.02981341000003], [80.46390279200006, 29.02984654100004], [80.46082449900013, 29.03149891000004], [80.46068588200012, 29.03593993100003], [80.45956451100017, 29.03741521600017], [80.45779200400017, 29.037320077], [80.45521433300013, 29.035108063000166], [80.45267267800006, 29.035264640000037], [80.44954175200019, 29.034074336000174], [80.44351963700007, 29.034286363000035], [80.44049934400005, 29.03163907100003], [80.43895154600006, 29.03224843100014], [80.43315958600004, 29.02875255800018], [80.42684298800003, 29.02651962300007], [80.420225023, 29.026419047000104], [80.41540256000008, 29.030156198000157], [80.41502200600019, 29.032723891000046], [80.41022648800009, 29.031978711000022], [80.40502456700017, 29.036322989000155], [80.39942520600005, 29.03646727800009], [80.39241997900018, 29.040317889999983], [80.38909933900004, 29.045987319000062], [80.38667477200005, 29.047397344000103], [80.38313875800009, 29.047320242000126], [80.37795284900005, 29.04332398700012], [80.36040636700005, 29.047901895000166], [80.35559314600016, 29.044429909000144], [80.35389248100006, 29.045878939000147], [80.35423774500003, 29.049686026000074], [80.34859969899998, 29.053883748000146], [80.34026564100003, 29.054619011000113], [80.33564581600012, 29.05217817900018], [80.32887322500011, 29.053330922000043], [80.32485718400011, 29.05130093500003], [80.32004336500017, 29.053866259000188], [80.31490742900013, 29.05482360400009], [80.31262768500011, 29.05821369600011], [80.31072885300006, 29.056232356000123], [80.30778810200019, 29.058048836000125], [80.30354194400002, 29.057447214000092], [80.30080442700012, 29.05847058200004], [80.2934930180001, 29.056959317000178], [80.28988067600017, 29.054646237999975], [80.28629204300017, 29.054591135000123], [80.28306076700017, 29.052751265000154], [80.2820661610001, 29.04855933200014], [80.28035925000017, 29.04982250400019], [80.27770830300011, 29.04983303199998], [80.27246414900003, 29.04579853100006], [80.27126458900005, 29.048099674000127], [80.26489870600011, 29.052159089000156], [80.26126616100004, 29.051033836000045], [80.25502754800016, 29.052887395000027], [80.25070290100018, 29.05243250700005], [80.24473882100017, 29.049960664000082], [80.24172448700017, 29.049898568000117], [80.23107545500011, 29.045590522000168], [80.22762761800004, 29.045505299000126], [80.22234550200017, 29.05097640800011], [80.22219549, 29.052915475000077], [80.22413645600005, 29.054007210000066], [80.22316293500006, 29.055921269000066], [80.22189571700017, 29.05681392000014], [80.2176548110001, 29.056107994000172], [80.21536966900004, 29.057168366000155], [80.2115336330001, 29.057197814000062], [80.21102672200016, 29.067376982000155], [80.20404366800005, 29.07189678200018], [80.20438745200005, 29.074610159000088], [80.19746414800011, 29.07864719400004], [80.196067792, 29.081593712000142], [80.19345282200004, 29.082496158000026], [80.19142373500011, 29.08583813300004], [80.18585116500014, 29.087153313000158], [80.18639714200015, 29.09161159100006], [80.18492158200007, 29.096204205000106], [80.1852269740001, 29.107728069000075], [80.18839915100011, 29.11242104500002], [80.18695786200016, 29.11531531800017], [80.18746157500016, 29.117163526000127], [80.18621265700006, 29.122616938000135], [80.1867381300001, 29.12718056400007]]]}}, {"type": "Feature", "properties": {"id": "dadeldhura", "name": "Dadeldhura", "pcode": "NP0773", "province": "Sudur Paschim", "area_sqkm": 1502.1, "center_lat": 29.20907463, "center_lon": 80.50090934}, "geometry": {"type": "Polygon", "coordinates": [[[80.68905219300007, 29.422284544000036], [80.68100731300018, 29.425085050000064], [80.677280349, 29.42364376], [80.67339481700003, 29.420268838000027], [80.66884121800013, 29.418886157000088], [80.67287149300012, 29.414323888000183], [80.67589184700006, 29.41322596800012], [80.67772882800011, 29.410528120000038], [80.677735445, 29.4073183590001], [80.67881196400003, 29.40494572000017], [80.67848957200016, 29.401279497000132], [80.67641145900006, 29.399032305000162], [80.67282300500017, 29.399501776000193], [80.66628275900013, 29.397114850000037], [80.66357416000011, 29.395192937000104], [80.66194949800013, 29.392445917000032], [80.65774489100016, 29.392268311000066], [80.65389911000017, 29.384886831000017], [80.65044162600009, 29.38248676000012], [80.64501967600017, 29.38636351000008], [80.63807400100006, 29.386897496000017], [80.63538920900015, 29.38554802500005], [80.63076742600009, 29.387761636000107], [80.62642051400013, 29.388178102000154], [80.62295121400012, 29.389902951000124], [80.62242704300002, 29.393133828000032], [80.61613453800015, 29.39646555800016], [80.61126997200017, 29.395549205000123], [80.60604860600017, 29.396760959000176], [80.59784198000006, 29.39708163400013], [80.59173796100009, 29.39601634000013], [80.58174901600006, 29.396296681000138], [80.58152812200007, 29.39922834200013], [80.57636272200011, 29.40925870700005], [80.57623638300004, 29.41177334600019], [80.57169190200017, 29.4143144840001], [80.56540593000017, 29.41571295800003], [80.56101267100001, 29.41503315100016], [80.55211220900009, 29.41848171000015], [80.55023103700006, 29.418134781000106], [80.54778291800005, 29.41186708500004], [80.54787419600018, 29.39866732500019], [80.54273690400004, 29.398530207000192], [80.53779323200007, 29.39358679300011], [80.53199918100017, 29.39194930800005], [80.52194005100012, 29.392775285000084], [80.51643456500005, 29.392265949000034], [80.51034330100003, 29.39455796700014], [80.50780803200013, 29.394169720000093], [80.50248518500013, 29.398805589000062], [80.48977082300013, 29.39432303200016], [80.48234990800012, 29.386792078000042], [80.47975753400004, 29.38565865000004], [80.469382677, 29.391360604], [80.46730322200017, 29.390851562000023], [80.46406314600017, 29.392117526000106], [80.45777738200019, 29.396010204000163], [80.4555060450001, 29.393675330000065], [80.45195311900011, 29.392359283000133], [80.44874190100018, 29.394443795000143], [80.44746226600006, 29.394348288000117], [80.44483366300011, 29.392226077000146], [80.44511143900019, 29.388503117000084], [80.44220314600011, 29.388813551000055], [80.44111384200005, 29.386070669000105], [80.44006685700003, 29.38630763200007], [80.43785135600012, 29.393254702000036], [80.43615720200012, 29.393998673000056], [80.43108067500009, 29.392459063000047], [80.43066096500019, 29.389899361000175], [80.4289550950001, 29.388658267000153], [80.42944317300015, 29.387494194000055], [80.42494915399999, 29.384510978000094], [80.42411717400012, 29.37909841300018], [80.42183569200017, 29.37802379599998], [80.419737591, 29.378907937000065], [80.41771017700012, 29.375558474000115], [80.41835886300015, 29.37402750100017], [80.41550395300004, 29.37344658100011], [80.41643740700016, 29.372280014000125], [80.41575296100018, 29.37099581300015], [80.41925589800002, 29.368428412000128], [80.41719470800001, 29.366869782000094], [80.41781221300005, 29.36153335200015], [80.41437784300012, 29.355964954000058], [80.41322574700018, 29.35623278999998], [80.41218458800012, 29.359257555000056], [80.410195666, 29.359731485000054], [80.40585050400006, 29.356579099000157], [80.40245392100013, 29.355941364000046], [80.40137279400011, 29.357427524000116], [80.40348303700017, 29.35911289300003], [80.40184942299999, 29.360630417000152], [80.40003311900017, 29.360146314000133], [80.39896480800019, 29.35768284300019], [80.39285969900016, 29.358318329000156], [80.38631695300006, 29.355868099000133], [80.38469189500006, 29.354058372000054], [80.38685920500012, 29.351366091000102], [80.38578820500015, 29.348886746000062], [80.38387539700017, 29.34950272700013], [80.3820875080001, 29.353746369000078], [80.38010064900016, 29.354138618000093], [80.37753365300017, 29.348952259000043], [80.37381863800005, 29.35045513200015], [80.37336380500017, 29.347998918000144], [80.37183627700006, 29.347287966000124], [80.37005011400015, 29.349241947000053], [80.36800013400017, 29.349904420000087], [80.36734444100017, 29.344564475000084], [80.36569898700009, 29.34040853100015], [80.36820360300004, 29.339039941000067], [80.37170575300007, 29.33872039199997], [80.37195941800019, 29.337968216000093], [80.36966040100015, 29.33537693000011], [80.36695715600001, 29.33495137100016], [80.36648151200012, 29.332614521000096], [80.36431416900012, 29.333544782000047], [80.36253505200006, 29.33265659200009], [80.36191847900011, 29.33091231000003], [80.36327390600007, 29.327988726000058], [80.36262251000005, 29.327026933000127], [80.36072689400004, 29.32715096000004], [80.35450943600006, 29.330917276000093], [80.35453957000004, 29.333788882000192], [80.35349939600013, 29.334178582000106], [80.35082323200004, 29.332288912000024], [80.35056515700006, 29.327814704000048], [80.34712339800018, 29.326758071000086], [80.34370904800011, 29.327041312000176], [80.34237316200006, 29.3238272210001], [80.33317056900006, 29.319031177000113], [80.33553137899997, 29.314773044000106], [80.33407000000011, 29.312171769000088], [80.32532457700012, 29.308374574000027], [80.32113200300017, 29.30996593300017], [80.31697076800003, 29.31330794200005], [80.31589387800011, 29.308164097000144], [80.31845684800004, 29.30385090900012], [80.31792083500005, 29.30159023900012], [80.31621209400015, 29.30009285800014], [80.31135603100006, 29.291532535000158], [80.30977421200004, 29.28999728300016], [80.30608580000018, 29.288936085000103], [80.30426017400015, 29.285236346000147], [80.30396992400011, 29.272779135000178], [80.30160320000005, 29.264479570000105], [80.29954451300011, 29.262749954000185], [80.29914148000012, 29.26050797200014], [80.30017030700003, 29.25495094400003], [80.29853074700009, 29.249589675000095], [80.300316071, 29.24543508700009], [80.30031968800006, 29.24206521500014], [80.2907179290001, 29.23183936100014], [80.29084894700009, 29.22967237900008], [80.29602106400017, 29.221351474000187], [80.29398738800012, 29.21113159200013], [80.29738082000006, 29.205968245000065], [80.29355904900012, 29.197581856000113], [80.29031309400006, 29.19534733600011], [80.28720771200017, 29.195145877000073], [80.28443712700016, 29.196773190000158], [80.28106463400007, 29.20164768900014], [80.27496694500013, 29.20701710800006], [80.26406983400011, 29.20605980900018], [80.26078458600006, 29.206666585000107], [80.25780299100018, 29.21066504700019], [80.25695998800018, 29.217837928000108], [80.25538066900015, 29.220048763000136], [80.25266864400004, 29.221405039000103], [80.24905989100012, 29.221299127], [80.24715242700006, 29.21995985300009], [80.24707239100019, 29.2152541050001], [80.24443480100007, 29.21238584100007], [80.24408920700006, 29.2095079180001], [80.24074327100016, 29.203276834], [80.24186485300004, 29.20034643400004], [80.25005580600003, 29.19558798500003], [80.257895431, 29.187301549000097], [80.26060989200016, 29.17462164500006], [80.25836577100006, 29.17041826000019], [80.25832366700013, 29.16573294800014], [80.26561243300011, 29.153452627000036], [80.27181544300015, 29.146645031000048], [80.27277155300004, 29.143467466000118], [80.26905936200012, 29.140514881000172], [80.25921041300012, 29.1398900640001], [80.25405615100016, 29.13791262100017], [80.25209139300011, 29.135857976000068], [80.24878702300009, 29.12892820600007], [80.24629689900013, 29.126996793000046], [80.2442997330001, 29.12705101300014], [80.23767699500013, 29.12085094600002], [80.23326083, 29.118423490999987], [80.20968913400014, 29.12180093800015], [80.20578418100007, 29.124976403000062], [80.20341162200015, 29.129295469], [80.1942339690001, 29.131629385000053], [80.18434817200006, 29.13723348500008], [80.18643086800006, 29.13075218], [80.18695786200016, 29.11531531800017], [80.18839915100011, 29.11242104500002], [80.1852269740001, 29.107728069000075], [80.18492158200007, 29.096204205000106], [80.18639714200015, 29.09161159100006], [80.18585116500014, 29.087153313000158], [80.19142373500011, 29.08583813300004], [80.19345282200004, 29.082496158000026], [80.196067792, 29.081593712000142], [80.19746414800011, 29.07864719400004], [80.20438745200005, 29.074610159000088], [80.20404366800005, 29.07189678200018], [80.21107109200011, 29.067282492000118], [80.2115336330001, 29.057197814000062], [80.21536966900004, 29.057168366000155], [80.2176548110001, 29.056107994000172], [80.2221568710001, 29.05673868000008], [80.22415595100011, 29.05423743900019], [80.22219549, 29.052915475000077], [80.22234550200017, 29.05097640800011], [80.22873703400018, 29.045189092000157], [80.24172448700017, 29.049898568000117], [80.24473882100017, 29.049960664000082], [80.25070290100018, 29.05243250700005], [80.25502754800016, 29.052887395000027], [80.26126616100004, 29.051033836000045], [80.26489870600011, 29.052159089000156], [80.27126458900005, 29.048099674000127], [80.27246414900003, 29.04579853100006], [80.27770830300011, 29.04983303199998], [80.28035925000017, 29.04982250400019], [80.2820661610001, 29.04855933200014], [80.28306076700017, 29.052751265000154], [80.28629204300017, 29.054591135000123], [80.28988067600017, 29.054646237999975], [80.2934930180001, 29.056959317000178], [80.30080442700012, 29.05847058200004], [80.30354194400002, 29.057447214000092], [80.30778810200019, 29.058048836000125], [80.31072885300006, 29.056232356000123], [80.31262768500011, 29.05821369600011], [80.31490742900013, 29.05482360400009], [80.32004336500017, 29.053866259000188], [80.32485718400011, 29.05130093500003], [80.32887322500011, 29.053330922000043], [80.33564581600012, 29.05217817900018], [80.34026564100003, 29.054619011000113], [80.34859969899998, 29.053883748000146], [80.35423774500003, 29.049686026000074], [80.35389248100006, 29.045878939000147], [80.35559314600016, 29.044429909000144], [80.36040636700005, 29.047901895000166], [80.37795284900005, 29.04332398700012], [80.38313875800009, 29.047320242000126], [80.38667477200005, 29.047397344000103], [80.38909933900004, 29.045987319000062], [80.39241997900018, 29.040317889999983], [80.39942520600005, 29.03646727800009], [80.40502456700017, 29.036322989000155], [80.41022648800009, 29.031978711000022], [80.41502200600019, 29.032723891000046], [80.41540256000008, 29.030156198000157], [80.420225023, 29.026419047000104], [80.42684298800003, 29.02651962300007], [80.43315958600004, 29.02875255800018], [80.43895154600006, 29.03224843100014], [80.44049934400005, 29.03163907100003], [80.44351963700007, 29.034286363000035], [80.44954175200019, 29.034074336000174], [80.45267267800006, 29.035264640000037], [80.45521433300013, 29.035108063000166], [80.45898971200012, 29.0375143870001], [80.46068588200012, 29.03593993100003], [80.46082449900013, 29.03149891000004], [80.46390279200006, 29.02984654100004], [80.46807278400007, 29.02981341000003], [80.46935978500011, 29.026649160000034], [80.46844827700016, 29.023413012000162], [80.4696522110001, 29.021157488000085], [80.46885336200017, 29.018722643000103], [80.47549438300018, 29.019197622000092], [80.47817679200017, 29.017629053000064], [80.47503266100017, 29.01001034900014], [80.4766211110001, 29.007537412000033], [80.47501437500006, 29.00486932900003], [80.47274051700003, 29.00380021100017], [80.4732340760001, 28.99999213500007], [80.47188982000006, 28.996499444000165], [80.47601835299997, 28.994246268999973], [80.47965311100018, 28.993865727000127], [80.48136920600012, 28.996651426000142], [80.48531145100009, 28.998236580000025], [80.48820473000012, 28.995315078000033], [80.49400326500017, 28.994245252000155], [80.49610533900005, 28.99495246400005], [80.50102044500011, 28.993220314000098], [80.50464427200018, 28.996376005000172], [80.51275071900005, 28.996583839000152], [80.51892764200016, 28.999220549000142], [80.51877801300014, 29.00438125200003], [80.52072905400018, 29.00468593700009], [80.52600212900012, 29.009213958000032], [80.53541357400019, 29.013936577000095], [80.53599443400009, 29.01754562399998], [80.53365077100005, 29.02032114700006], [80.53308803400012, 29.024036668000065], [80.53433783500009, 29.025705778000145], [80.53414542000007, 29.029686591000086], [80.54014582100012, 29.035075980000045], [80.54039795100005, 29.03631755500004], [80.54385785600005, 29.03607437300019], [80.54680647500004, 29.038434878000146], [80.546697053, 29.042106972000056], [80.54576147000017, 29.043549762000055], [80.54659646100004, 29.044651107000163], [80.54489252800005, 29.047056862000147], [80.54459403300012, 29.04933639500001], [80.545363721, 29.050399181000046], [80.54909457200006, 29.051108788000022], [80.55284748200006, 29.05558554400011], [80.5556516420001, 29.056630233000078], [80.55751460400006, 29.058639507000066], [80.55921813000015, 29.061796423000146], [80.562112674, 29.072651635], [80.55972610000009, 29.074186710000106], [80.55890499400016, 29.07602702800017], [80.54405650100006, 29.08144089100017], [80.53365186300016, 29.088914558000113], [80.53138572600017, 29.089572154000166], [80.53025978500017, 29.09510599700019], [80.52772522300006, 29.097294198000156], [80.52852203400016, 29.0982015620001], [80.52763222900018, 29.101266264000174], [80.52615259500016, 29.102718296000035], [80.52643706900005, 29.105730706000088], [80.52891379500016, 29.105452952000178], [80.53919566300004, 29.107539140000142], [80.54465747700004, 29.111194059000127], [80.54818679100003, 29.112029339000117], [80.5495325820001, 29.113464035000163], [80.55711579900003, 29.116789448000077], [80.55912728300018, 29.116306582000107], [80.56274587100006, 29.118705031000047], [80.56652541200009, 29.118850378000047], [80.57209808300013, 29.130140272000176], [80.56908386000003, 29.134364651000055], [80.56470594300009, 29.135413059000086], [80.56630274100002, 29.13809345300018], [80.56535242600017, 29.14228154900013], [80.56655159900004, 29.144448676000138], [80.57415097600006, 29.145551297000168], [80.57617628700001, 29.14769168600003], [80.59109598800018, 29.147871115000044], [80.59380232500001, 29.154014889], [80.59111951500012, 29.157016010000063], [80.59226019100015, 29.16319338600016], [80.59407805100011, 29.164207251999983], [80.59823812900004, 29.170093758000178], [80.60533240300015, 29.170261460000177], [80.6077213310001, 29.17356637000006], [80.61054261200019, 29.174822040000038], [80.61667374600017, 29.179908395000155], [80.6196895000001, 29.18102901800006], [80.62340236799997, 29.17754989400015], [80.62926726100005, 29.17631208300014], [80.64204234800002, 29.17883033000004], [80.64570454200003, 29.178073198000106], [80.65139972400016, 29.180481485000143], [80.66219137800005, 29.183132570000055], [80.67040121100018, 29.182825948000072], [80.67331626400005, 29.18503697600005], [80.67451129200015, 29.18887463300007], [80.67867935600003, 29.191426948000128], [80.68797122100017, 29.190670642000043], [80.69486332899999, 29.18782175300015], [80.69774447800012, 29.18865840000018], [80.69987845700018, 29.194613868000033], [80.7042205950001, 29.192119658000024], [80.70627995600006, 29.201859968], [80.70663598600004, 29.21169579900004], [80.7055795330001, 29.21394245], [80.70181868500015, 29.21673120300011], [80.70373178500017, 29.220865722000156], [80.70770504500013, 29.22517618000012], [80.70671957400003, 29.231323149000048], [80.70988803000017, 29.234018881000168], [80.71435570500006, 29.235467680000056], [80.7192260920001, 29.23615468100013], [80.72114909300012, 29.235240609000186], [80.72374578600011, 29.236146054000017], [80.72903860400015, 29.240311926000118], [80.73092747000015, 29.24052330300009], [80.7372069540001, 29.24576683400005], [80.73902027900016, 29.24511848100019], [80.73884476699999, 29.246893374000024], [80.73617326900012, 29.246655796000084], [80.7355977090001, 29.24743284400006], [80.73816170200007, 29.24921771100003], [80.7407899640001, 29.249416795000172], [80.74122643500004, 29.25126736800007], [80.74402259100015, 29.251597565000168], [80.7467658590001, 29.25473374400019], [80.74813842800006, 29.254488164000122], [80.74904545100009, 29.257138119000103], [80.75339893400013, 29.262875766000093], [80.75466401000017, 29.266755729000067], [80.75665915900015, 29.267517184999974], [80.75626149300007, 29.26951061600016], [80.75056651200009, 29.273767955999972], [80.74370919000006, 29.274763270000108], [80.7433929290001, 29.277640936000182], [80.7457859640001, 29.28170583500014], [80.74566705500013, 29.28452976000011], [80.74355892000005, 29.28780780000011], [80.7396844380001, 29.28831913500005], [80.73864790700009, 29.2908028920001], [80.73612927500005, 29.28996556100003], [80.7325222340001, 29.291972764000093], [80.73257762700018, 29.294169937000106], [80.73587424900006, 29.29695103000006], [80.73412009200013, 29.298594226000148], [80.73716146900017, 29.29936494600014], [80.73825457600009, 29.302633345000118], [80.74121112800015, 29.301513492000083], [80.74750355800012, 29.302445859000045], [80.75207395900003, 29.307949347000147], [80.75622575100016, 29.308805192000136], [80.76389589000019, 29.30504289600009], [80.76608533200016, 29.301807541000187], [80.768725641, 29.302820482000072], [80.77240134100003, 29.30177106600007], [80.77167957500018, 29.312010787000077], [80.77625844900012, 29.31545396300004], [80.77132532700017, 29.318229137000174], [80.77113456100005, 29.320664970000166], [80.76924390500011, 29.32297385300018], [80.76430955500001, 29.324643443000127], [80.76022048400017, 29.32858820600012], [80.7590557040001, 29.33226516000002], [80.7626032870001, 29.335492655000166], [80.76251014700017, 29.337078255000108], [80.76126506500003, 29.340820450000024], [80.75754488600012, 29.344661979000193], [80.75731644000007, 29.34682477400014], [80.75838718900013, 29.34926512300018], [80.76100821000017, 29.34887288100009], [80.762211815, 29.351356290000126], [80.76103947500019, 29.35861303300004], [80.76280614600006, 29.363499723000075], [80.76508953100011, 29.362820318000047], [80.76513945500011, 29.359696298000074], [80.76679145200012, 29.357635201000107], [80.77010081300011, 29.35735445900019], [80.77109854200017, 29.361545018000072], [80.77344094799997, 29.36278962], [80.77453925800012, 29.364956995], [80.7782855000001, 29.364579767000066], [80.78568445400015, 29.366349013000104], [80.78569650300017, 29.370587554000053], [80.78401054500011, 29.374315745000047], [80.78043232099998, 29.375895612000136], [80.77845465700017, 29.379377384000065], [80.76821232200012, 29.382549512000026], [80.76223464800006, 29.385744321000118], [80.76308104900016, 29.38836696100003], [80.76258349000011, 29.39218947200004], [80.76531938500011, 29.394501854000055], [80.76762954000003, 29.399612781000087], [80.76496233100005, 29.40037505000015], [80.75744700600006, 29.399427726000113], [80.74132405600005, 29.4016666120001], [80.73228606300017, 29.404418734000046], [80.72125548900004, 29.409464614000115], [80.71995875400012, 29.411661202000175], [80.71850920800011, 29.418587597000112], [80.71194156100017, 29.41427197600018], [80.70682950900016, 29.414504449000106], [80.70542596500019, 29.41735247500003], [80.70251688899998, 29.419543044000193], [80.69524601600017, 29.41939577300019], [80.69192430400011, 29.42195061400008], [80.68905219300007, 29.422284544000036]]]}}, {"type": "Feature", "properties": {"id": "baitadi", "name": "Baitadi", "pcode": "NP0774", "province": "Sudur Paschim", "area_sqkm": 1492.5, "center_lat": 29.5081087, "center_lon": 80.55843036}, "geometry": {"type": "Polygon", "coordinates": [[[80.75833420200007, 29.70445585800013], [80.75392874699997, 29.70789653700018], [80.7441649060001, 29.704359300000135], [80.73563786700004, 29.70580417400015], [80.73065059200013, 29.703773111000032], [80.71731175900004, 29.702766400000144], [80.70820895300005, 29.69918286500001], [80.70089448900006, 29.70469724800006], [80.69557451100007, 29.70602492600011], [80.68899686999998, 29.705134484000155], [80.68499270200016, 29.703406280000138], [80.68000453100018, 29.695405027999982], [80.67631784600007, 29.692220279000026], [80.67425353100003, 29.687167226000156], [80.67062134300011, 29.687214610000183], [80.66747543100018, 29.68560078200005], [80.66523530200004, 29.68559519000013], [80.65980854499998, 29.682261118000156], [80.65138841400011, 29.681086679000032], [80.647681976, 29.681753504000028], [80.64573012900007, 29.684813628000143], [80.64330751000011, 29.685691325000164], [80.63908627500012, 29.689473787000168], [80.63339385500007, 29.690500239000187], [80.62388548100012, 29.686742841000125], [80.61930009200006, 29.68799510000008], [80.61269343900005, 29.687989512000172], [80.60649375700012, 29.68656375100005], [80.60451844300013, 29.687913472000105], [80.60302247000004, 29.690935980000063], [80.60125832500017, 29.691684012000167], [80.59747118100017, 29.690558317000182], [80.59032179300016, 29.690416860000084], [80.58588650600012, 29.68823100600008], [80.57738486700003, 29.688037223000094], [80.5753937930001, 29.68660083200018], [80.57349585300011, 29.687418043000037], [80.5699889120001, 29.68306921700014], [80.56879871700016, 29.67855875100014], [80.55995840800011, 29.672985596000046], [80.55888303300003, 29.670748917000026], [80.55374210800005, 29.67130460800007], [80.5511476480001, 29.66796663800011], [80.54820693000016, 29.667825861999972], [80.54615342900019, 29.66629404200006], [80.54361714900011, 29.666524423000055], [80.54011643100017, 29.66366133400004], [80.53717396200017, 29.663644297000133], [80.5273643160001, 29.656319731], [80.52216233100006, 29.653587605999974], [80.51857126800019, 29.653385140000125], [80.50631792100017, 29.644683235000173], [80.50503764800004, 29.638053904000117], [80.49859563900003, 29.632138125000097], [80.49681364100019, 29.624590998000144], [80.47946368400005, 29.623078223000107], [80.47546070400011, 29.621267029000023], [80.47205279100012, 29.621700131000125], [80.46699545000013, 29.620369440000047], [80.4609236660001, 29.623671862000094], [80.45875173600018, 29.626119352000103], [80.45597744900004, 29.62498242300012], [80.45010381700007, 29.625307816000088], [80.44486135200015, 29.618045680000023], [80.44220993300007, 29.616523287000064], [80.43980750300005, 29.61700939800005], [80.43677224300012, 29.620167873000184], [80.432904555, 29.61849585500005], [80.42901609800009, 29.618066407000015], [80.42843931800013, 29.613584383000102], [80.42715739400012, 29.612155562000112], [80.42515392100017, 29.612108541], [80.42087016000005, 29.614331963000154], [80.41767373300013, 29.613963831000035], [80.41699534500015, 29.61280830600009], [80.41776821700012, 29.60678932000019], [80.41484826800001, 29.605506589000186], [80.40882991800015, 29.60493625200013], [80.40771143500007, 29.594812876000105], [80.40317496400019, 29.58950556600007], [80.398034655, 29.586879434000025], [80.39646022400007, 29.584594128000106], [80.39141184600015, 29.58154641100009], [80.39018732200009, 29.574539491000166], [80.38824076000014, 29.571972707000043], [80.37907528400012, 29.57141595200011], [80.37879849300003, 29.561262341000088], [80.36360916600012, 29.564003135000064], [80.3622863280001, 29.56147954200003], [80.36413813000019, 29.558179501000097], [80.3639944890001, 29.556550340000058], [80.35720257800011, 29.554997398000182], [80.34884466100004, 29.555252140000107], [80.34265874300013, 29.552853348000042], [80.34268113400014, 29.55172339100011], [80.34562547100012, 29.548537292000162], [80.34153938300005, 29.542704537000134], [80.34180163700012, 29.540256270000157], [80.34852452100017, 29.540411219000077], [80.35159397300015, 29.536778976], [80.3565013970001, 29.534502129000032], [80.35796029500017, 29.53246565100011], [80.35543653600018, 29.527730250000047], [80.34847511900017, 29.52407612900015], [80.34976814900006, 29.519185606000065], [80.3453119830001, 29.51360600900017], [80.34082916500012, 29.509871177000036], [80.33491867900011, 29.51281457300007], [80.33228779000012, 29.512855535000085], [80.33038689600005, 29.507236351000188], [80.32867698000013, 29.505276639000044], [80.31382681800011, 29.498991285000102], [80.31282193500004, 29.496550065000065], [80.31461224200012, 29.489801659000193], [80.31302979900016, 29.484459016000187], [80.30447070300005, 29.48594382700003], [80.30080594300006, 29.490516975000048], [80.2990472460001, 29.490525702000184], [80.29601833300006, 29.487994775000118], [80.2962783750001, 29.483381276000046], [80.29299896500015, 29.478823412], [80.28675904300007, 29.477109678000147], [80.28744039800006, 29.47275334600016], [80.29035616500016, 29.47000583000016], [80.29648754800007, 29.46036419100011], [80.30154704000017, 29.45659692100014], [80.30278878100017, 29.454406456000186], [80.30246597200016, 29.453040205000036], [80.29761149100005, 29.450752295000086], [80.29619677000017, 29.453239543000166], [80.2944160080001, 29.453708288000144], [80.28831409800006, 29.45002174400014], [80.28601226200004, 29.451604127000053], [80.28045154199998, 29.450856876000103], [80.27895257100005, 29.453866762000132], [80.28045461500017, 29.457544747000043], [80.27617893700005, 29.458484605000024], [80.27124077200011, 29.456817948000037], [80.26914315400012, 29.454981655000097], [80.26989763400019, 29.453763278000054], [80.27401427300003, 29.45256325700018], [80.27495023600011, 29.45095560800013], [80.27424860700006, 29.449465364000105], [80.26974558200004, 29.450611385000173], [80.26687682500011, 29.448479924000083], [80.25810010400016, 29.45173344300008], [80.25694452400012, 29.451124735000178], [80.25560244900004, 29.44799332400015], [80.24598235900004, 29.446676074000038], [80.24315809800004, 29.444395439000118], [80.24298823900011, 29.441069750000167], [80.24728097200011, 29.43679720500006], [80.24733891200009, 29.432342813000105], [80.24395590400013, 29.423407295000118], [80.24410575600012, 29.41987363000004], [80.245928505, 29.416038200000116], [80.24161292700018, 29.41153637900004], [80.24594346300017, 29.40733401800003], [80.25394972900006, 29.403982123000105], [80.2640825740001, 29.3971453960001], [80.27227804600017, 29.39488515100004], [80.27522175100012, 29.392162881000047], [80.27542224500019, 29.390808386000174], [80.27325051900004, 29.388534197000183], [80.27289885900012, 29.386134543000082], [80.27888860000019, 29.37849802400018], [80.27427014400013, 29.37649934000018], [80.271268293, 29.373613822000152], [80.271866332, 29.37014121700014], [80.27125096300017, 29.363668754000116], [80.27908332500004, 29.3597707830001], [80.27943367000017, 29.34758555600007], [80.28333229200013, 29.341773526], [80.29048752000011, 29.336655411000095], [80.29114997500011, 29.33011090900004], [80.29690241700018, 29.32373083100009], [80.30664783500009, 29.323143449000156], [80.309586325, 29.322037653000166], [80.31637331300004, 29.31558309500008], [80.31697076800003, 29.31330794200005], [80.32113200300017, 29.30996593300017], [80.32639649200007, 29.308467892000124], [80.33531087200015, 29.313348612000027], [80.33533108600005, 29.315347238000186], [80.33307683900011, 29.3187510140001], [80.33387239800015, 29.31976099200017], [80.34237316200006, 29.3238272210001], [80.34370904800011, 29.327041312000176], [80.34712339800018, 29.326758071000086], [80.35056515700006, 29.327814704000048], [80.35082323200004, 29.332288912000024], [80.35281012000013, 29.333875227000135], [80.35436865100019, 29.334209841000074], [80.35450943600006, 29.330917276000093], [80.36072689400004, 29.32715096000004], [80.36262251000005, 29.327026933000127], [80.36327390600007, 29.327988726000058], [80.36191847900011, 29.33091231000003], [80.36253505200006, 29.33265659200009], [80.36431416900012, 29.333544782000047], [80.36648151200012, 29.332614521000096], [80.36695715600001, 29.33495137100016], [80.36966040100015, 29.33537693000011], [80.37195941800019, 29.337968216000093], [80.37170575300007, 29.33872039199997], [80.36820360300004, 29.339039941000067], [80.36569898700009, 29.34040853100015], [80.36734444100017, 29.344564475000084], [80.36800013400017, 29.349904420000087], [80.37005011400015, 29.349241947000053], [80.37183627700006, 29.347287966000124], [80.37336380500017, 29.347998918000144], [80.37381863800005, 29.35045513200015], [80.37753365300017, 29.348952259000043], [80.38010064900016, 29.354138618000093], [80.3820875080001, 29.353746369000078], [80.38387539700017, 29.34950272700013], [80.38578820500015, 29.348886746000062], [80.38685920500012, 29.351366091000102], [80.38469189500006, 29.354058372000054], [80.38631695300006, 29.355868099000133], [80.39285969900016, 29.358318329000156], [80.39896480800019, 29.35768284300019], [80.40003311900017, 29.360146314000133], [80.40184942299999, 29.360630417000152], [80.40348303700017, 29.35911289300003], [80.40137279400011, 29.357427524000116], [80.40245392100013, 29.355941364000046], [80.40585050400006, 29.356579099000157], [80.410195666, 29.359731485000054], [80.41218458800012, 29.359257555000056], [80.41322574700018, 29.35623278999998], [80.41437784300012, 29.355964954000058], [80.41781221300005, 29.36153335200015], [80.41719470800001, 29.366869782000094], [80.41925589800002, 29.368428412000128], [80.41575296100018, 29.37099581300015], [80.41643740700016, 29.372280014000125], [80.41550395300004, 29.37344658100011], [80.41835886300015, 29.37402750100017], [80.41771017700012, 29.375558474000115], [80.419737591, 29.378907937000065], [80.42183569200017, 29.37802379599998], [80.42411717400012, 29.37909841300018], [80.42494915399999, 29.384510978000094], [80.42944317300015, 29.387494194000055], [80.4289550950001, 29.388658267000153], [80.43066096500019, 29.389899361000175], [80.43108067500009, 29.392459063000047], [80.43615720200012, 29.393998673000056], [80.43785135600012, 29.393254702000036], [80.44006685700003, 29.38630763200007], [80.44111384200005, 29.386070669000105], [80.44220314600011, 29.388813551000055], [80.44511143900019, 29.388503117000084], [80.44483366300011, 29.392226077000146], [80.44746226600006, 29.394348288000117], [80.44874190100018, 29.394443795000143], [80.45195311900011, 29.392359283000133], [80.4555060450001, 29.393675330000065], [80.45777738200019, 29.396010204000163], [80.46406314600017, 29.392117526000106], [80.46730322200017, 29.390851562000023], [80.469382677, 29.391360604], [80.47975753400004, 29.38565865000004], [80.48234990800012, 29.386792078000042], [80.48977082300013, 29.39432303200016], [80.50248518500013, 29.398805589000062], [80.50780803200013, 29.394169720000093], [80.51034330100003, 29.39455796700014], [80.51643456500005, 29.392265949000034], [80.52194005100012, 29.392775285000084], [80.53199918100017, 29.39194930800005], [80.53779323200007, 29.39358679300011], [80.54273690400004, 29.398530207000192], [80.54787419600018, 29.39866732500019], [80.54778291800005, 29.41186708500004], [80.55023103700006, 29.418134781000106], [80.55211220900009, 29.41848171000015], [80.56101267100001, 29.41503315100016], [80.56540593000017, 29.41571295800003], [80.57169190200017, 29.4143144840001], [80.57623638300004, 29.41177334600019], [80.57636272200011, 29.40925870700005], [80.58152812200007, 29.39922834200013], [80.58174901600006, 29.396296681000138], [80.59173796100009, 29.39601634000013], [80.59784198000006, 29.39708163400013], [80.60604860600017, 29.396760959000176], [80.61126997200017, 29.395549205000123], [80.61613453800015, 29.39646555800016], [80.62242704300002, 29.393133828000032], [80.62295121400012, 29.389902951000124], [80.62642051400013, 29.388178102000154], [80.63076742600009, 29.387761636000107], [80.63538920900015, 29.38554802500005], [80.63807400100006, 29.386897496000017], [80.64501967600017, 29.38636351000008], [80.65044162600009, 29.38248676000012], [80.65389911000017, 29.384886831000017], [80.65774489100016, 29.392268311000066], [80.66194949800013, 29.392445917000032], [80.66357416000011, 29.395192937000104], [80.66628275900013, 29.397114850000037], [80.67282300500017, 29.399501776000193], [80.67641145900006, 29.399032305000162], [80.67848957200016, 29.401279497000132], [80.67881196400003, 29.40494572000017], [80.677735445, 29.4073183590001], [80.67772882800011, 29.410528120000038], [80.67589184700006, 29.41322596800012], [80.67287149300012, 29.414323888000183], [80.67209631800017, 29.416045278000183], [80.66866637000004, 29.418675924000013], [80.67378738300005, 29.420477323000114], [80.67806529600006, 29.42404267100011], [80.6820087370001, 29.425062690000175], [80.69192430400011, 29.42195061400008], [80.69524601600017, 29.41939577300019], [80.70251688899998, 29.419543044000193], [80.70542596500019, 29.41735247500003], [80.70682950900016, 29.414504449000106], [80.71194156100017, 29.41427197600018], [80.71850920800011, 29.418587597000112], [80.71995875400012, 29.411661202000175], [80.72125548900004, 29.409464614000115], [80.73228606300017, 29.404418734000046], [80.74132405600005, 29.4016666120001], [80.75744700600006, 29.399427726000113], [80.76496233100005, 29.40037505000015], [80.76732189000012, 29.399833320000084], [80.76555809600006, 29.39486994800012], [80.76258349000011, 29.39218947200004], [80.76308104900016, 29.38836696100003], [80.76223464800006, 29.385744321000118], [80.76821232200012, 29.382549512000026], [80.77845465700017, 29.379377384000065], [80.78043232099998, 29.375895612000136], [80.78326357300011, 29.375001046000193], [80.78488732500017, 29.372848707000173], [80.7858620560001, 29.366247838000163], [80.80123397100004, 29.364827990000094], [80.80815792900006, 29.366423870000176], [80.8145577680001, 29.364768236000145], [80.81702940600019, 29.366095770000186], [80.82000893700007, 29.369487868000192], [80.82666886400017, 29.371292226000094], [80.83313001600004, 29.379820202000133], [80.83515315100004, 29.381169353000132], [80.83742116800005, 29.380346586000144], [80.84036119500018, 29.37716961000018], [80.84505395700018, 29.375424711000164], [80.84853109700009, 29.375751290000096], [80.85156521700014, 29.37728406300016], [80.85832654600011, 29.38752094600011], [80.8600416540001, 29.396414698000058], [80.85904736800006, 29.3992264850001], [80.85225969200013, 29.405307262000065], [80.85196950400012, 29.407553609], [80.86101464500001, 29.41064913000008], [80.86190395900007, 29.414331297], [80.86775776600007, 29.411508640000136], [80.87516792200017, 29.412395531000072], [80.87840152600006, 29.416688799000042], [80.88438942600004, 29.421724283000117], [80.8915980750001, 29.42450487000002], [80.89657238600017, 29.43192774200014], [80.89974386700015, 29.433098613000084], [80.90188050500018, 29.436968655000044], [80.90728154900012, 29.438517708000063], [80.90815225200015, 29.441383014000166], [80.89914769100017, 29.44418256700004], [80.88720718100006, 29.442109036000033], [80.883127731, 29.442669430000024], [80.8838598700001, 29.44669643600014], [80.87914895700015, 29.453691591999984], [80.87534373400018, 29.464102565000132], [80.87300329600015, 29.464594301000147], [80.8707162020001, 29.46651165300017], [80.86316607000015, 29.4654687740001], [80.85628882800006, 29.46901416000003], [80.85470962500005, 29.475163688000066], [80.85208325600007, 29.477542742000082], [80.85257209100013, 29.479489941], [80.84752669700009, 29.484437658000047], [80.84534785500011, 29.488935207999987], [80.83454637500012, 29.493977151000024], [80.82577110100004, 29.49995016000014], [80.82250922300017, 29.50076016600019], [80.82373308700016, 29.509484364000116], [80.81818522000003, 29.513304743000106], [80.81694672400005, 29.51565344400018], [80.80994616400011, 29.513324817000182], [80.80458355700006, 29.515166635000128], [80.79899344199998, 29.51211547100013], [80.79522928800014, 29.50765933800011], [80.79253405400004, 29.50650703600013], [80.78823208000011, 29.506723519000047], [80.78618847000013, 29.507676653000033], [80.78478006000012, 29.513518773000044], [80.78135313500013, 29.51833577499997], [80.7815947950001, 29.52152335400001], [80.78053959699997, 29.523199807000083], [80.77070886500019, 29.524482492000118], [80.76840196600017, 29.526120620000086], [80.76364792800007, 29.526432527000054], [80.76050714200011, 29.528093829], [80.75710179900017, 29.528010978000168], [80.75292546700013, 29.5298776840001], [80.74821428800016, 29.530600553000113], [80.74596264800016, 29.542011703000185], [80.74722293600018, 29.551379153000028], [80.74821201700001, 29.553206807000095], [80.75611081000017, 29.556470731000104], [80.76955988500015, 29.55363455400004], [80.77119188000006, 29.551796811000145], [80.77453555500006, 29.5583641770001], [80.77653800200011, 29.559937431000094], [80.77555158100012, 29.566580857000133], [80.78004531500011, 29.571487581000042], [80.77645523000018, 29.575983862000044], [80.77686663800012, 29.577985241000135], [80.77849957200004, 29.57952855600007], [80.77722462400004, 29.58298659000019], [80.77767024700006, 29.58677449000004], [80.77864988400006, 29.58913553200017], [80.78105078400012, 29.59011165900006], [80.78356436100017, 29.594532279000077], [80.78651406100016, 29.602607685000123], [80.7858086280001, 29.607877868000173], [80.78765521800017, 29.613249201000087], [80.78477323100014, 29.617155733000175], [80.78337668800015, 29.62345793500009], [80.78375778700018, 29.625554055000123], [80.78205860100007, 29.62806173500013], [80.7808232380001, 29.633410026000092], [80.78433097500016, 29.635100666000028], [80.79076354100005, 29.641313919000083], [80.78952474400012, 29.64306680100003], [80.78423480500004, 29.645399634], [80.77862454100017, 29.644012190000183], [80.77620209200018, 29.642287068000087], [80.77144274900013, 29.642254195000078], [80.768461489, 29.644757231000085], [80.76186522600005, 29.647416205000184], [80.7641173510001, 29.65109682700006], [80.7634470530001, 29.655480594000153], [80.76434280600006, 29.65894446700014], [80.76292613600003, 29.66189898300013], [80.771050709, 29.668716139000026], [80.775887737, 29.668368051000186], [80.77860666300012, 29.665458361000105], [80.77950598000018, 29.67584233400015], [80.78051786000003, 29.678239498000096], [80.78277314200017, 29.680182970000146], [80.78743816300005, 29.677871813000138], [80.78922952500011, 29.678943800000127], [80.7920732120001, 29.677940058], [80.79161477700012, 29.681363354000098], [80.7948929750001, 29.683481949000168], [80.79486648100004, 29.68682919700018], [80.79590175000016, 29.688245015000064], [80.7937264200001, 29.688507836000042], [80.78967747200011, 29.692378792000056], [80.7877824250001, 29.695675707000078], [80.78525763599998, 29.696321237000063], [80.78349220100006, 29.699320556000146], [80.77982109500005, 29.702095558000053], [80.77581334799999, 29.70131757700011], [80.77163478100005, 29.702397544000178], [80.76452327500016, 29.701618208000184], [80.76177761100013, 29.704047067000147], [80.75833420200007, 29.70445585800013]]]}}, {"type": "Feature", "properties": {"id": "darchula", "name": "Darchula", "pcode": "NP0775", "province": "Sudur Paschim", "area_sqkm": 2339.6, "center_lat": 29.92581392, "center_lon": 80.78907222}, "geometry": {"type": "Polygon", "coordinates": [[[80.98945056800005, 30.2462254510001], [80.98526140800004, 30.246103217000098], [80.97607522400006, 30.23786513700003], [80.959460933, 30.237601682], [80.94686061400012, 30.235427529000162], [80.94318180400018, 30.23617478100016], [80.935632515, 30.234734565], [80.93183027500004, 30.2359550810001], [80.92737771700001, 30.23575422700003], [80.92109811100005, 30.231562295000117], [80.91949946500011, 30.227970747000086], [80.91561332300012, 30.22454458700014], [80.91012380600017, 30.22314933300015], [80.90748640200013, 30.221070311000062], [80.90402307700015, 30.217506484000182], [80.90231956600019, 30.21412891200015], [80.89714851300016, 30.212230400000067], [80.89411105099998, 30.20606845500015], [80.89075357300004, 30.203314113000147], [80.88724180200018, 30.197198969000112], [80.88388507700017, 30.194293330000107], [80.88535229600012, 30.18819600300003], [80.8800304190001, 30.18120848200016], [80.87118988300011, 30.175744201000043], [80.86809444500017, 30.17563292000017], [80.8628094340001, 30.168888250000066], [80.86423462400006, 30.16676445400003], [80.866890635, 30.166507702000104], [80.87127719500006, 30.160841986000094], [80.87084758300006, 30.153155020000156], [80.87315842800018, 30.147579577999977], [80.87349694200014, 30.144124534000127], [80.875997655, 30.140978429000143], [80.8760912250001, 30.136440547000177], [80.8784867710001, 30.132867918999978], [80.87766546100016, 30.128694614000096], [80.8739418350001, 30.126137928000105], [80.86791281100005, 30.125261367000178], [80.86245152200019, 30.12083964600015], [80.8592516440001, 30.12126474900009], [80.85492857500009, 30.120159420000164], [80.85415726900004, 30.118751167000084], [80.84488010500019, 30.115943804999972], [80.84302008800017, 30.113832728000034], [80.84177744900012, 30.110333041000104], [80.84605467600011, 30.106533209000133], [80.84518262500012, 30.102237791000164], [80.83703559100019, 30.097367451000082], [80.82944339500011, 30.097143556000105], [80.82782542000012, 30.097723354000095], [80.82618710700018, 30.099951808000128], [80.82246118600017, 30.099809270000037], [80.82059957800016, 30.099211301000025], [80.81909233000016, 30.096809444000144], [80.81536729400011, 30.09626969500016], [80.81389743400018, 30.09287537100016], [80.80534593300007, 30.08922503500014], [80.801592583, 30.085520459], [80.79942321800002, 30.080796501000123], [80.79494839000017, 30.077747039000087], [80.7916361130001, 30.07350827099998], [80.78977500400003, 30.073015917000134], [80.78902742700006, 30.069225514000095], [80.77939198800016, 30.056572389999985], [80.77604180700018, 30.054257125], [80.7655242400001, 30.051870583000095], [80.76115601300006, 30.04941781800011], [80.76068699200005, 30.04727876200019], [80.75833860800009, 30.044964887000162], [80.75930862700017, 30.043439731000092], [80.75564708000013, 30.039519739000127], [80.75543806300016, 30.0315891730001], [80.75818788300012, 30.027498285000036], [80.75747692300013, 30.023813810000092], [80.75413094600009, 30.02032290699998], [80.74938318500011, 30.00879074400018], [80.74462786900011, 30.003912015000026], [80.74186583100004, 30.00290744700004], [80.73802867500018, 29.99943322200005], [80.71952178000004, 30.000227395000138], [80.71227527700006, 29.990091441000118], [80.70929401800004, 29.989067685000123], [80.70788038000012, 29.986833814000136], [80.70449918200012, 29.98563319400006], [80.70045378000009, 29.97990411800015], [80.69699914100016, 29.979415804999974], [80.68998439300009, 29.97408783700007], [80.68692983200003, 29.969619280000074], [80.68365158600005, 29.966846248000138], [80.68257499300006, 29.962862734000055], [80.67788196400016, 29.958811741000147], [80.6740531480001, 29.957097226000144], [80.66900659200013, 29.957335010000122], [80.65635875400011, 29.955089988000168], [80.64856019500013, 29.955831750000073], [80.64065340700012, 29.95963347300011], [80.63789504400006, 29.96277232600005], [80.62977793800013, 29.96506162600008], [80.62513529200004, 29.96366132000003], [80.62138661800003, 29.963894311000047], [80.61623238100015, 29.961044135000122], [80.60865728600015, 29.958522833000075], [80.6038902520001, 29.9587950560001], [80.59521449400006, 29.95284581300018], [80.59039824000018, 29.948342487000104], [80.58827192000012, 29.94425346900016], [80.58133370700006, 29.936231446000136], [80.57877495100013, 29.931901820000178], [80.5781814120001, 29.928112982000073], [80.57421579400011, 29.923384001000045], [80.56966155400005, 29.908925116000148], [80.5712921540001, 29.904647230000023], [80.57099798700006, 29.902298322000036], [80.57260401600013, 29.895176203000062], [80.57022053700018, 29.891338596000026], [80.56588797600011, 29.87913350200006], [80.55981327600017, 29.874250507000056], [80.5568593110001, 29.870534880000037], [80.557431581, 29.86848876800019], [80.56153986400005, 29.86632365200012], [80.55475650400012, 29.86196366100006], [80.55436735100017, 29.85949707599997], [80.5514929260001, 29.85643113900005], [80.55146282900017, 29.855134135000014], [80.55347627700013, 29.852955368000153], [80.55266874600005, 29.850320480000107], [80.54846658200017, 29.850010703000123], [80.54363812800017, 29.846195812000076], [80.538865021, 29.847072415000014], [80.53579397000004, 29.838587737000182], [80.53115062000006, 29.838136030000044], [80.528133744, 29.833463180000138], [80.52376674800018, 29.832008447000078], [80.52388759300015, 29.829106160000038], [80.52172349200004, 29.826964521000036], [80.51722683300005, 29.82505357800011], [80.51358852300012, 29.82512821000006], [80.50723193600004, 29.823020512000085], [80.50506667700006, 29.81925027699998], [80.5012364260001, 29.817393088000074], [80.49735956500007, 29.81150059200013], [80.49746982000005, 29.810269522000056], [80.50024284100004, 29.808628963000103], [80.49544975900017, 29.80469520800017], [80.49490119200016, 29.802117319000104], [80.492677502, 29.801964429000066], [80.49449419100011, 29.798326484000086], [80.49331321600005, 29.795457489000114], [80.48282046200012, 29.79632358000009], [80.47952911600015, 29.795620477000114], [80.47643006800001, 29.797874974000024], [80.46391228300018, 29.802193713000065], [80.4541917470001, 29.80235469500002], [80.44902226700009, 29.799123681000026], [80.44412663300005, 29.799049060000186], [80.44033162000017, 29.80108100600006], [80.4372410360001, 29.80532856500008], [80.43533516300005, 29.8059925390001], [80.43437961100005, 29.805805731000135], [80.42889350300015, 29.798023268000065], [80.42193006300005, 29.795978806000164], [80.41593458500012, 29.79562769800009], [80.41309829400018, 29.79176952500012], [80.41079086200006, 29.79181336400012], [80.40788552900011, 29.79446638899998], [80.40685686000018, 29.79437157100017], [80.40760105600009, 29.79156453300004], [80.40617505800009, 29.788366628000063], [80.40709525900007, 29.783927434000077], [80.403636962, 29.781683413000167], [80.4046029490001, 29.77831355500001], [80.39985980800014, 29.773758485000087], [80.39850090500005, 29.768131686], [80.39632688500012, 29.765022699999975], [80.39750469800015, 29.75920663900007], [80.39441401600004, 29.758231752000142], [80.39011007500017, 29.760296001000142], [80.385133795, 29.758459547000086], [80.38482587800002, 29.756119138000145], [80.38636193600013, 29.751303985999982], [80.38575453500005, 29.75034032000019], [80.381160916, 29.75057155000013], [80.37233278600019, 29.74908194900007], [80.36950652200011, 29.75070600900017], [80.36800729400005, 29.750565753000103], [80.36520156800009, 29.7462533100001], [80.36409620300003, 29.740065691000154], [80.36964759900013, 29.734347553000077], [80.36611466200014, 29.729842119000125], [80.36637060400017, 29.72392036700012], [80.368415863, 29.721618298000124], [80.37308253200007, 29.721572802000082], [80.37547104500004, 29.719772878000015], [80.37533696700018, 29.718105470000125], [80.37199085400016, 29.71522963500007], [80.3744441820001, 29.712794022000082], [80.37419370000015, 29.71011327100007], [80.37710586800006, 29.70237928800009], [80.37984445300009, 29.700955395000165], [80.37927643500012, 29.699270109000167], [80.3803511590001, 29.688480202999983], [80.38521167500005, 29.685006781000027], [80.38328285600011, 29.67899813300005], [80.38465250300015, 29.6740174950001], [80.39005012300004, 29.67099522600006], [80.38929672700004, 29.667337748000136], [80.39084269500006, 29.66409013599997], [80.39892860999998, 29.662320347], [80.39926195400005, 29.661476056000083], [80.39768039000012, 29.659705077000183], [80.398079725, 29.658775356000092], [80.40013401400012, 29.65829742800014], [80.40601736300005, 29.659801302000062], [80.40910599500017, 29.656431785000052], [80.41002522900004, 29.65362549800011], [80.41420751900006, 29.654088384000033], [80.41623953000004, 29.651733508000063], [80.41642602700011, 29.65039907400012], [80.41439103900012, 29.64786841000017], [80.41400165500005, 29.64426905700003], [80.41587156900005, 29.64155264900012], [80.42020170200016, 29.639063440000143], [80.41937734000015, 29.63395553500004], [80.42109360800004, 29.630117294000172], [80.41822256800015, 29.62638535600007], [80.41100783200005, 29.625279866000085], [80.40848437199998, 29.621355265000034], [80.40814621500016, 29.61505397899998], [80.40567890600005, 29.612767099000166], [80.4079453330001, 29.60972085300017], [80.40882991800015, 29.60493625200013], [80.41727673200006, 29.606189495000024], [80.41699534500015, 29.61280830600009], [80.41780290100019, 29.61406138600006], [80.42087016000005, 29.614331963000154], [80.42515392100017, 29.612108541], [80.42759045700018, 29.612313053000037], [80.42914495300016, 29.61816389900008], [80.43712082100018, 29.62015125400012], [80.44022495100018, 29.616785612], [80.4436570950001, 29.617169995000097], [80.44975530400006, 29.625247753000053], [80.45597744900004, 29.62498242300012], [80.45875173600018, 29.626119352000103], [80.4609236660001, 29.623671862000094], [80.46699545000013, 29.620369440000047], [80.47205279100012, 29.621700131000125], [80.47546070400011, 29.621267029000023], [80.47946368400005, 29.623078223000107], [80.49681364100019, 29.624590998000144], [80.49859563900003, 29.632138125000097], [80.50503764800004, 29.638053904000117], [80.50631792100017, 29.644683235000173], [80.51857126800019, 29.653385140000125], [80.52216233100006, 29.653587605999974], [80.5273643160001, 29.656319731], [80.53717396200017, 29.663644297000133], [80.54011643100017, 29.66366133400004], [80.54361714900011, 29.666524423000055], [80.54615342900019, 29.66629404200006], [80.54820693000016, 29.667825861999972], [80.5511476480001, 29.66796663800011], [80.55374210800005, 29.67130460800007], [80.55888303300003, 29.670748917000026], [80.55995840800011, 29.672985596000046], [80.56879871700016, 29.67855875100014], [80.5699889120001, 29.68306921700014], [80.57349585300011, 29.687418043000037], [80.5753937930001, 29.68660083200018], [80.57738486700003, 29.688037223000094], [80.58588650600012, 29.68823100600008], [80.59032179300016, 29.690416860000084], [80.59747118100017, 29.690558317000182], [80.60125832500017, 29.691684012000167], [80.60302247000004, 29.690935980000063], [80.60451844300013, 29.687913472000105], [80.60649375700012, 29.68656375100005], [80.61269343900005, 29.687989512000172], [80.61930009200006, 29.68799510000008], [80.62388548100012, 29.686742841000125], [80.63339385500007, 29.690500239000187], [80.63908627500012, 29.689473787000168], [80.64330751000011, 29.685691325000164], [80.64573012900007, 29.684813628000143], [80.647681976, 29.681753504000028], [80.65138841400011, 29.681086679000032], [80.65980854499998, 29.682261118000156], [80.66523530200004, 29.68559519000013], [80.66747543100018, 29.68560078200005], [80.67062134300011, 29.687214610000183], [80.67425353100003, 29.687167226000156], [80.67631784600007, 29.692220279000026], [80.68000453100018, 29.695405027999982], [80.68499270200016, 29.703406280000138], [80.68899686999998, 29.705134484000155], [80.69557451100007, 29.70602492600011], [80.70089448900006, 29.70469724800006], [80.70355614400012, 29.703419779000114], [80.70517515400013, 29.700879102000158], [80.70857940200005, 29.69918143200016], [80.71731175900004, 29.702766400000144], [80.73065059200013, 29.703773111000032], [80.73563786700004, 29.70580417400015], [80.7441649060001, 29.704359300000135], [80.75449710800001, 29.707904357000075], [80.75852149200011, 29.704223883000054], [80.76177761100013, 29.704047067000147], [80.76452327500016, 29.701618208000184], [80.77163478100005, 29.702397544000178], [80.77581334799999, 29.70131757700011], [80.77982109500005, 29.702095558000053], [80.78349220100006, 29.699320556000146], [80.78525763599998, 29.696321237000063], [80.7877824250001, 29.695675707000078], [80.78967747200011, 29.692378792000056], [80.7937264200001, 29.688507836000042], [80.80389761200007, 29.68690824900017], [80.8111244800001, 29.684011307000105], [80.81644638000006, 29.68707284200019], [80.81988695800015, 29.68760771300009], [80.82498465200007, 29.686500199000136], [80.82964579700018, 29.69144829700008], [80.83169110800003, 29.689752422000026], [80.83625668100007, 29.688975494000033], [80.83959725200015, 29.687152524], [80.84539203300005, 29.693337459000077], [80.85174917600017, 29.695728883000072], [80.85820303300011, 29.695923203000177], [80.86294735700005, 29.700809246000063], [80.86458128400017, 29.706278504000124], [80.8707841590001, 29.707331302], [80.87816436900005, 29.71213138800016], [80.88023539700015, 29.712090421000084], [80.88176104100012, 29.71327820500011], [80.89007838700013, 29.71381995500019], [80.89118458000007, 29.71542456900005], [80.89430663200011, 29.716338400999973], [80.89660012200017, 29.720258126000033], [80.89936367100012, 29.720729432000155], [80.9068455690001, 29.72461223300013], [80.91950520000012, 29.72469271000017], [80.92684743100006, 29.728551760000073], [80.9312709890001, 29.72969996400019], [80.93455723400012, 29.732699289000095], [80.93978009000011, 29.73538142100017], [80.94588168600012, 29.735447249000117], [80.95052387400017, 29.73124008300016], [80.95406795800011, 29.730634626000096], [80.95794237500013, 29.726458571000137], [80.97511396800013, 29.72183899200013], [80.97489446300017, 29.723848675000056], [80.976172501, 29.72585862800014], [80.98391616300017, 29.733894167000017], [80.98803140500019, 29.74107861100009], [80.998176043, 29.742567861000055], [81.00406739300007, 29.740564818000166], [81.00970139700007, 29.745874147000052], [81.01800094800012, 29.745489860000134], [81.02036625900018, 29.748279693000143], [81.02446877900019, 29.743535508000093], [81.03158569800007, 29.742300159000138], [81.03731440100006, 29.74961123899999], [81.03807742900011, 29.75260415600013], [81.04117175900018, 29.752244608000183], [81.04784549900012, 29.753891171000078], [81.05651523800003, 29.757510199000023], [81.06017071200017, 29.762206934000062], [81.0624974100001, 29.768079352000143], [81.06003223500016, 29.77227586099997], [81.06357337800017, 29.775465860000054], [81.06399747100016, 29.784210418000043], [81.06211487600007, 29.793425276000107], [81.06766731700003, 29.79576157100007], [81.06923240500004, 29.803131900000153], [81.06913046100016, 29.80764084900011], [81.07018376600018, 29.810475472000064], [81.06908228400016, 29.814274413000078], [81.070914232, 29.81706130100008], [81.06999433800013, 29.821649607000097], [81.07075836900003, 29.82438742200003], [81.06974125000016, 29.828330661999985], [81.06342358200004, 29.82695570300018], [81.05533189700009, 29.829733642000065], [81.05331030300016, 29.83301630500017], [81.04928357600016, 29.83473658800017], [81.04447797800009, 29.83871258400012], [81.03993663400001, 29.840595157000052], [81.03803497700017, 29.846365337000123], [81.03853569000012, 29.85490016500006], [81.04038134300015, 29.85998133900017], [81.03844521600007, 29.861028462000036], [81.03658590900017, 29.8645386070001], [81.03777828900007, 29.875788939000188], [81.04067702999998, 29.881632117000095], [81.03022565900005, 29.895366552999974], [81.02944367900005, 29.903554271000132], [81.0275915090001, 29.906326670999988], [81.02010175200007, 29.911973599000078], [81.01467870500016, 29.91441704300007], [81.01152568800012, 29.918680286000097], [81.00288242100004, 29.92319405300009], [81.00049634900017, 29.92810655700015], [81.00244081600005, 29.932353745], [81.00217253500011, 29.936075267000092], [81.00553737600006, 29.939839646000053], [81.0089767400001, 29.941869377000046], [81.01079391700006, 29.94579384600013], [81.01388652200006, 29.9474332960001], [81.01710025900013, 29.954682095000067], [81.02147908500007, 29.95856772700006], [81.01928171900016, 29.960920538000096], [81.0174881850001, 29.966040780000128], [81.02041307300016, 29.973923328000012], [81.01577807600006, 29.97805606100013], [81.01486559200009, 29.980638680000027], [81.01711956300016, 29.98228486900007], [81.02149187800018, 29.983396200000072], [81.02582676700007, 29.987439504000122], [81.02789226100009, 29.992610920000118], [81.032704733, 29.99879665400016], [81.03816624500018, 30.008216340000047], [81.03800457700015, 30.015016636000155], [81.04014002200017, 30.015595673000178], [81.04171764200015, 30.017656689000034], [81.04412498900012, 30.018188234000036], [81.04724630000015, 30.02191542600002], [81.05342840800006, 30.024024188000112], [81.0559537200001, 30.02882283300005], [81.06437566000011, 30.03680107300005], [81.06850321800005, 30.043439130000138], [81.07121468200017, 30.04538185900003], [81.07839536000012, 30.04634311900014], [81.084210945, 30.05243381400004], [81.08799232800015, 30.054192889000035], [81.09079306700016, 30.054143620000104], [81.09405548799998, 30.05771620300004], [81.09554233500018, 30.061639666000076], [81.09880101800007, 30.06459868200011], [81.100716503, 30.074733254000023], [81.10711050200018, 30.077734747000136], [81.10604162300007, 30.07918584600003], [81.10862045100015, 30.086076419], [81.1076461620001, 30.088657474000172], [81.10452635800004, 30.09112294800002], [81.10186286600009, 30.097050101000093], [81.09821000600004, 30.09993533900007], [81.09454593500016, 30.100734213000067], [81.08694377000006, 30.09889903000004], [81.08111685700015, 30.100447739000174], [81.08437816800006, 30.10663463800006], [81.08441341200017, 30.1167931170001], [81.08180055900004, 30.12158537800002], [81.07816388200018, 30.124576044000037], [81.08273204400012, 30.135674498000128], [81.08169227200005, 30.14123033300018], [81.08246287300017, 30.143453697000098], [81.08190965100005, 30.14603425700011], [81.08304445600004, 30.148110827000153], [81.07880747600012, 30.15171311500012], [81.07727669200011, 30.154803927000103], [81.06604669600017, 30.157345216000124], [81.06399851800018, 30.158697186000097], [81.06147938600009, 30.167713360000164], [81.05685767400013, 30.169810722000193], [81.0560459080001, 30.17332506600013], [81.05299766000013, 30.17569673700018], [81.05160791800012, 30.178866168000127], [81.05029221000012, 30.17973050500018], [81.04549525300013, 30.17944808900006], [81.04378403300012, 30.180506527999967], [81.04273156599999, 30.18316370000008], [81.04359569200011, 30.18675631000019], [81.04238029800007, 30.19351627900005], [81.03346653000011, 30.196940267000173], [81.03515214500004, 30.19833140900016], [81.0339928140001, 30.201243492000174], [81.04327440400016, 30.204630615000042], [81.04553923200012, 30.207219090000024], [81.04502018900007, 30.20997763400004], [81.04446474300016, 30.211150640000085], [81.04233914900016, 30.21187079300006], [81.03993035400003, 30.215369741000018], [81.03678628100005, 30.215842026000132], [81.03390069500006, 30.218454552000082], [81.02893329500006, 30.219761608000056], [81.02982841900007, 30.22334528200014], [81.02930863500006, 30.2256324330001], [81.02569273600011, 30.226945758000113], [81.02876586700006, 30.232933852000144], [81.02652439800016, 30.23464171700016], [81.02041237800017, 30.234773619000066], [81.01903604200015, 30.236278141000184], [81.01537435000006, 30.237295804000098], [81.01232092600003, 30.239395933000083], [81.00535175800019, 30.240528601000165], [81.00462283700017, 30.24174878400015], [80.99802251200003, 30.245095868000135], [80.98945056800005, 30.2462254510001]]]}}]}